mukey,areasymbol,musym,muname,compname,comppct_r,hydgrp,drainagecl,floodfreq,pondfreq,ksat_um_s,ksat_in_hr,awc,aashto,uscs,reskind,resdept_ft,wtdepannmin_ft,eng_roads,eng_shallow_excav,eng_dwellings,eng_sand_source
1603364,DE005,AbC,"Acquango-Beaches complex, 0 to 10 percent slopes",Acquango,50,A,Excessively drained,Occasional,0,600,85.0392,0.05,A-3,SP-SM,,,0.4,Very limited,Very limited,Very limited,Good
1603365,DE005,AsA,"Askecksy loamy sand, 0 to 2 percent slopes",Askecksy,45,A/D,Poorly drained,None,90,600,85.0392,0.45,A-8,PT,,,0.4,Very limited,Very limited,Very limited,Fair
1603366,DE005,AuB,"Acquango-Urban land complex, 0 to 5 percent slopes",Acquango,45,,Excessively drained,Occasional,0,600,85.0392,0.05,A-3,SP-SM,,,,Not rated,Not rated,Not rated,Not rated
1603369,DE005,BhA,"Berryland mucky loamy sand, 0 to 2 percent slopes",Berryland,50,A/D,Very poorly drained,None,85,92,13.0393,0.12,A-2,SM,,,0.2,Very limited,Very limited,Very limited,Fair
1603372,DE005,BuA,"Brockatonorton-Urban land complex, 0 to 2 percent slopes",Brockatonorton,45,,Moderately well drained,Occasional,0,92,13.0393,0.05,A-3,SP-SM,,,2.5,Not rated,Not rated,Not rated,Not rated
1603373,DE005,CaA,"Carmichael loam, 0 to 2 percent slopes",Carmichael,45,C/D,Poorly drained,None,90,5.64,0.7994,0.22,A-4,ML,,,0.4,Very limited,Very limited,Very limited,Fair
1603374,DE005,CdB,"Cedartown loamy sand, 0 to 5 percent slopes",Cedartown,75,A,Somewhat excessively drained,None,0,45,6.3779,0.1,A-2-4,SM,,,3.7,Not limited,Very limited,Not limited,Fair
1603377,DE005,CoA,"Corsica mucky loam, 0 to 2 percent slopes",Corsica,55,B/D,Very poorly drained,None,95,600,85.0392,0.5,A-8,PT,,,0.2,Very limited,Very limited,Very limited,Poor
1603378,DE005,DnA,"Downer loamy sand, 0 to 2 percent slopes",Downer,80,A,Well drained,None,0,91.74,13.0025,0.07,A-2-4,SM,,,,Somewhat limited,Very limited,Not limited,Fair
1603379,DE005,DndB,"Downer loamy sand, 2 to 5 percent slopes, Northern Tidewater Area",Downer,80,A,Well drained,None,0,91.74,13.0025,0.07,A-2-4,SM,,,,Somewhat limited,Very limited,Not limited,Fair
1603380,DE005,DnC,"Downer loamy sand, 5 to 10 percent slopes, Northern Tidewater Area",Downer,80,A,Well drained,None,0,91.74,13.0025,0.07,A-2-4,SM,,,,Somewhat limited,Very limited,Not limited,Fair
1603381,DE005,DoA,"Downer sandy loam, 0 to 2 percent slopes, Northern Tidewater Area",Downer,80,A,Well drained,None,0,91.74,13.0025,0.07,A-2-4,SM,,,,Somewhat limited,Very limited,Not limited,Fair
1603382,DE005,DodB,"Downer sandy loam, 2 to 5 percent slopes, Northern Tidewater Area",Downer,80,A,Well drained,None,0,91.74,13.0025,0.07,A-2-4,SM,,,,Somewhat limited,Very limited,Not limited,Fair
1603383,DE005,DoC,"Downer sandy loam, 5 to 10 percent slopes",Downer,80,A,Well drained,None,0,91.74,13.0025,0.07,A-4,SC-SM,,,,Somewhat limited,Very limited,Not limited,Fair
1603384,DE005,DuB,"Downer-Urban land complex, 0 to 5 percent slopes",Downer,60,A,Well drained,None,0,28,3.9685,0.12,A-2-4,SM,,,,Not limited,Very limited,Not limited,Fair
1603391,DE005,EvB,"Evesboro loamy sand, 0 to 5 percent slopes",Evesboro,75,A,Excessively drained,None,0,92,13.0393,0.1,A-2-4,SM,,,,Not limited,Very limited,Not limited,Fair
1603393,DE005,EvD,"Evesboro loamy sand, 5 to 15 percent slopes",Evesboro,75,A,Excessively drained,None,0,92,13.0393,0.1,A-2-4,SM,,,,Somewhat limited,Very limited,Somewhat limited,Fair
1603395,DE005,FadA,"Fallsington sandy loams, 0 to 2 percent slopes, Northern Tidewater Area",Fallsington,48,B/D,Poorly drained,None,83,600,85.0392,0.45,A-8,PT,,,0.4,Very limited,Very limited,Very limited,Fair
1603396,DE005,FgdA,"Fallsington loams, 0 to 2 percent slopes, Northern Tidewater Area",Fallsington,38,C/D,Poorly drained,None,83,600,85.0392,0.44,A-8,PT,,,0.4,Very limited,Very limited,Very limited,Fair
1603397,DE005,FhA,"Fort Mott-Henlopen complex, 0 to 2 percent slopes",Fort Mott,45,A,Well drained,None,0,92,13.0393,0.07,A-2,SM,,,,Not limited,Very limited,Not limited,Fair
1603398,DE005,FhB,"Fort Mott-Henlopen complex, 2 to 5 percent slopes",Fort Mott,45,A,Well drained,None,0,92,13.0393,0.07,A-2-4,SM,,,,Not limited,Very limited,Not limited,Fair
1603399,DE005,FmA,"Fort Mott loamy sand, 0 to 2 percent slopes",Fort Mott,80,A,Well drained,None,0,92,13.0393,0.07,A-2-4,SM,,,,Not limited,Very limited,Not limited,Fair
1603400,DE005,FmB,"Fort Mott loamy sand, 2 to 5 percent slopes",Fort Mott,80,A,Well drained,None,0,92,13.0393,0.07,A-2-4,SM,,,,Not limited,Very limited,Not limited,Fair
1603403,DE005,FzB,"Fallsington-Urban land complex, 0 to 5 percent slopes",Fallsington,40,B/D,Poorly drained,None,65,28,3.9685,0.13,A-4,SC-SM,,,0.4,Somewhat limited,Very limited,Very limited,Fair
1603404,DE005,GaB,"Galestown loamy sand, 0 to 5 percent slopes",Galestown,80,A,Somewhat excessively drained,None,0,135,19.1338,0.1,A-2-4,SM,,,,Not limited,Very limited,Not limited,Fair
1603406,DE005,GoA,"Glassboro sandy loam, 0 to 2 percent slopes",Glassboro,80,A/D,Somewhat poorly drained,None,0,28.225,4.0004,0.13,A-2-4,SC-SM,,,1.0,Very limited,Very limited,Very limited,Fair
1603407,DE005,GrA,"Greenwich loam, 0 to 2 percent slopes",Greenwich,85,B,Well drained,None,0,5.64,0.7994,0.18,A-4,CL-ML,,,,Somewhat limited,Very limited,Not limited,Good
1603408,DE005,GrB,"Greenwich loam, 2 to 5 percent slopes",Greenwich,85,B,Well drained,None,0,5.64,0.7994,0.18,A-4,CL-ML,,,,Somewhat limited,Very limited,Not limited,Good
1603409,DE005,GuB,"Greenwich-Urban land complex, 0 to 5 percent slopes",Greenwich,60,B,Well drained,None,0,5.64,0.7994,0.18,A-4,CL-ML,,,,Somewhat limited,Very limited,Not limited,Good
1603410,DE005,HbA,"Hambrook sandy loam, 0 to 2 percent slopes",Hambrook,80,B,Well drained,None,0,28,3.9685,0.13,A-4,SC-SM,,,3.7,Somewhat limited,Very limited,Not limited,Fair
1603411,DE005,HbB,"Hambrook sandy loam, 2 to 5 percent slopes",Hambrook,80,B,Well drained,None,0,28,3.9685,0.13,A-4,SC-SM,,,3.7,Somewhat limited,Very limited,Not limited,Fair
1603412,DE005,HkB,"Hambrook-Urban land complex, 0 to 5 percent slopes",Hambrook,45,,Well drained,None,0,28,3.9685,0.13,A-4,SC-SM,,,3.7,Not rated,Not rated,Not rated,Not rated
1603413,DE005,HmAd,"Hammonton loamy sand, 0 to 2 percent slopes, Northern Tidewater Area",Hammonton,85,B,Moderately well drained,None,5,28,3.9685,0.13,A-2-4,SM,,,2.0,Somewhat limited,Very limited,Somewhat limited,Fair
1603414,DE005,HnA,"Hammonton sandy loam, 0 to 2 percent slopes",Hammonton,80,B,Moderately well drained,None,5,28,3.9685,0.13,A-2-4,SM,,,2.0,Somewhat limited,Very limited,Somewhat limited,Fair
1603415,DE005,HoA,"Hammonton-Fallsington-Mullica complex, 0 to 2 percent slopes",Hammonton,40,B,Moderately well drained,None,55,28,3.9685,0.13,A-2-4,SM,,,0.4,Somewhat limited,Very limited,Very limited,Fair
1603416,DE005,HpA,"Henlopen loamy sand, 0 to 2 percent slopes",Henlopen,80,A,Somewhat excessively drained,None,0,92,13.0393,0.07,A-2-4,SM,,,,Not limited,Very limited,Not limited,Fair
1603417,DE005,HpB,"Henlopen loamy sand, 2 to 5 percent slopes",Henlopen,80,A,Somewhat excessively drained,None,0,92,13.0393,0.07,A-2-4,SM,,,,Not limited,Very limited,Not limited,Fair
1603418,DE005,HrA,"Henlopen-Rosedale complex, 0 to 2 percent slopes",Henlopen,50,A,Somewhat excessively drained,None,0,92,13.0393,0.07,A-2-4,SM,,,3.7,Not limited,Very limited,Not limited,Fair
1603419,DE005,HrB,"Henlopen-Rosedale complex, 2 to 5 percent slopes",Henlopen,45,A,Somewhat excessively drained,None,0,92,13.0393,0.07,A-2-4,SM,,,3.7,Not limited,Very limited,Not limited,Fair
1603420,DE005,HsA,"Henlopen-Rosedale-Urban land complex, 0 to 2 percent slopes",Henlopen,40,A,Somewhat excessively drained,None,0,92,13.0393,0.07,A-2-4,SM,,,3.7,Not limited,Very limited,Not limited,Fair
1603421,DE005,HuA,"Hurlock loamy sand, 0 to 2 percent slopes",Hurlock,41,A/D,Poorly drained,None,80,92,13.0393,0.1,A-2-4,SC-SM,,,0.4,Somewhat limited,Very limited,Very limited,Fair
1603422,DE005,HvA,"Hurlock sandy loam, 0 to 2 percent slopes",Hurlock,42,A/D,Poorly drained,None,85,28,3.9685,0.13,A-2-4,SC-SM,,,0.4,Very limited,Very limited,Very limited,Fair
1603423,DE005,IeA,"Ingleside loamy sand, 0 to 2 percent slopes",Ingleside,75,A,Well drained,None,0,92,13.0393,0.1,A-2-4,SM,,,3.7,Not limited,Very limited,Not limited,Fair
1603424,DE005,IeB,"Ingleside loamy sand, 2 to 5 percent slopes",Ingleside,75,A,Well drained,None,0,92,13.0393,0.1,A-2-4,SM,,,3.7,Not limited,Very limited,Not limited,Fair
1603425,DE005,IgA,"Ingleside sandy loam, 0 to 2 percent slopes",Ingleside,75,A,Well drained,None,0,28,3.9685,0.13,A-2-4,SM,,,3.7,Not limited,Very limited,Not limited,Fair
1603426,DE005,IgB,"Ingleside sandy loam, 2 to 5 percent slopes",Ingleside,75,A,Well drained,None,0,28,3.9685,0.13,A-2-4,SM,,,3.7,Not limited,Very limited,Not limited,Fair
1603427,DE005,ImB,"Ingleside-Hammonton-Fallsington complex, 0 to 5 percent slopes",Ingleside,35,A,Well drained,None,25,28,3.9685,0.13,A-2-4,SM,,,1.2,Somewhat limited,Very limited,Not limited,Fair
1603428,DE005,IuB,"Ingleside-Urban land complex, 0 to 5 percent slopes",Ingleside,50,A,Well drained,None,0,28,3.9685,0.13,A-2-4,SM,,,3.7,Not limited,Very limited,Not limited,Fair
1603433,DE005,KfA,"Keyport fine sandy loam, 0 to 2 percent slopes",Keyport,85,D,Moderately well drained,None,0,14,1.9842,0.16,A-4,SM,,,2.0,Somewhat limited,Very limited,Somewhat limited,Poor
1603436,DE005,KgB,"Klej-Galloway complex, 0 to 5 percent slopes",Klej,45,A/D,Somewhat poorly drained,None,15,92,13.0393,0.1,A-2-4,SM,,,1.0,Very limited,Very limited,Very limited,Fair
1603438,DE005,KpA,"Keyport silt loam, 0 to 2 percent slopes",Keyport,80,D,Moderately well drained,None,5,9,1.2756,0.22,A-4,ML,,,2.0,Somewhat limited,Very limited,Somewhat limited,Poor
1603439,DE005,KpB,"Keyport silt loam, 2 to 5 percent slopes",Keyport,80,D,Moderately well drained,None,0,9,1.2756,0.22,A-4,ML,,,2.0,Somewhat limited,Very limited,Somewhat limited,Poor
1603440,DE005,KsA,"Klej loamy sand, 0 to 2 percent slopes",Klej,70,A/D,Somewhat poorly drained,None,10,100,14.1732,0.1,A-2-4,SM,,,1.0,Very limited,Very limited,Very limited,Fair
1603441,DE005,LfA,"Lenni sandy loam, 0 to 2 percent slopes",Lenni,50,D,Poorly drained,None,85,600,85.0392,0.45,A-8,PT,,,0.4,Very limited,Very limited,Very limited,Fair
1603442,DE005,LhA,"Lenni silt loam, 0 to 2 percent slopes",Lenni,50,D,Poorly drained,None,80,5.64,0.7994,0.19,A-4,CL-ML,,,0.4,Very limited,Very limited,Very limited,Fair
1603446,DE005,M-W,Miscellaneous water,Miscellaneous water,100,,,None,0,,,,,,,,,Not rated,Not rated,Not rated,Not rated
1603447,DE005,MakAd,"Manahawkin muck, 0 to 2 percent slopes, frequently flooded, Mid Atlantic Coastal Plain",Manahawkin,80,A/D,Very poorly drained,Frequent,5,92,13.0393,0.45,A-8,PT,,,0.0,Very limited,Very limited,Very limited,Poor
1603448,DE005,McA,"Marshyhope loam, 0 to 2 percent slopes",Marshyhope,85,B/D,Somewhat poorly drained,None,0,14,1.9842,0.19,A-4,CL-ML,,,1.0,Very limited,Very limited,Very limited,Fair
1603449,DE005,MdA,"Marshyhope sandy loam, 0 to 2 percent slopes",Marshyhope,85,B/D,Somewhat poorly drained,None,0,28,3.9685,0.13,A-2-4,SC-SM,,,1.0,Very limited,Very limited,Very limited,Fair
1603451,DE005,MmA,"Mullica mucky sandy loam, 0 to 2 percent slopes",Mullica,50,A/D,Very poorly drained,None,80,28,3.9685,0.13,A-2-5,SM,,,0.2,Very limited,Very limited,Very limited,Fair
1603454,DE005,MuA,"Mullica-Berryland complex, 0 to 2 percent slopes",Mullica,26,A/D,Very poorly drained,None,85,28,3.9685,0.13,A-4,SM,,,0.2,Very limited,Very limited,Very limited,Fair
1603460,DE005,PpA,"Pepperbox loamy sand, 0 to 2 percent slopes",Pepperbox,80,A,Moderately well drained,None,0,135,19.1338,0.1,A-2,SM,,,2.0,Somewhat limited,Very limited,Somewhat limited,Fair
1603461,DE005,PpB,"Pepperbox loamy sand, 2 to 5 percent slopes",Pepperbox,80,A,Moderately well drained,None,0,135,19.1338,0.1,A-2,SM,,,2.0,Somewhat limited,Very limited,Somewhat limited,Fair
1603462,DE005,PrA,"Pepperbox-Rockawalkin complex, 0 to 2 percent slopes",Pepperbox,50,A,Moderately well drained,None,0,92,13.0393,0.1,A-2-4,SM,,,2.0,Somewhat limited,Very limited,Somewhat limited,Fair
1603463,DE005,PrB,"Pepperbox-Rockawalkin complex, 2 to 5 percent slopes",Pepperbox,50,A,Moderately well drained,None,0,92,13.0393,0.1,A-2-4,SM,,,2.0,Somewhat limited,Very limited,Somewhat limited,Fair
1603464,DE005,PsA,"Pepperbox-Rosedale complex, 0 to 2 percent slopes",Pepperbox,46,A,Moderately well drained,None,0,92,13.0393,0.1,A-2-4,SM,,,2.0,Somewhat limited,Very limited,Somewhat limited,Fair
1603465,DE005,PsB,"Pepperbox-Rosedale complex, 2 to 5 percent slopes",Pepperbox,46,A,Moderately well drained,None,0,135,19.1338,0.1,A-2-4,SM,,,2.0,Somewhat limited,Very limited,Somewhat limited,Fair
1603468,DE005,PyA,"Pineyneck loam, 0 to 2 percent slopes",Pineyneck,80,C,Moderately well drained,None,0,5.64,0.7994,0.21,A-4,CL-ML,,,2.0,Somewhat limited,Very limited,Somewhat limited,Fair
1603470,DE005,RkA,"Rockawalkin loamy sand, 0 to 2 percent slopes",Rockawalkin,75,A,Moderately well drained,None,0,92,13.0393,0.07,A-2,SM,,,2.0,Somewhat limited,Very limited,Somewhat limited,Fair
1603471,DE005,RkB,"Rockawalkin loamy sand, 2 to 5 percent slopes",Rockawalkin,75,A,Moderately well drained,None,0,92,13.0393,0.07,A-2,SM,,,2.0,Somewhat limited,Very limited,Somewhat limited,Fair
1603472,DE005,RoA,"Rosedale loamy sand, 0 to 2 percent slopes",Rosedale,75,A,Well drained,None,0,92,13.0393,0.07,A-2-4,SC-SM,,,3.7,Not limited,Very limited,Not limited,Fair
1603473,DE005,RoB,"Rosedale loamy sand, 2 to 5 percent slopes",Rosedale,75,A,Well drained,None,0,92,13.0393,0.07,A-2-4,SC-SM,,,3.7,Not limited,Very limited,Not limited,Fair
1603474,DE005,RuA,"Runclint loamy sand, 0 to 2 percent slopes",Runclint,75,A,Excessively drained,None,5,92,13.0393,0.1,A-2-4,SM,,,3.7,Not limited,Very limited,Not limited,Fair
1603476,DE005,RuB,"Runclint loamy sand, 2 to 5 percent slopes",Runclint,75,A,Excessively drained,None,5,92,13.0393,0.1,A-2-4,SM,,,3.7,Not limited,Very limited,Not limited,Fair
1603480,DE005,SadA,"Sassafras sandy loam, 0 to 2 percent slopes, Northern Tidewater Area",Sassafras,80,B,Well drained,None,0,23.29,3.3009,0.14,A-4,SC-SM,,,,Somewhat limited,Very limited,Not limited,Fair
1603482,DE005,SadB,"Sassafras sandy loam, 2 to 5 percent slopes, Northern Tidewater Area",Sassafras,80,B,Well drained,None,0,23.29,3.3009,0.14,A-4,SC-SM,,,,Somewhat limited,Very limited,Not limited,Fair
1603484,DE005,SacC,"Sassafras sandy loam, 5 to 10 percent slopes, Mid-Atlantic Coastal Plain",Sassafras,80,B,Well drained,None,0,23.29,3.3009,0.14,A-4,SC-SM,,,,Somewhat limited,Very limited,Not limited,Fair
1603490,DE005,SSD,"Sassafras sandy loam, 10 to 15 percent slopes",Sassafras,75,B,Well drained,None,5,28,3.9685,0.13,A-4,CL-ML,,,,Somewhat limited,Very limited,Somewhat limited,Fair
1603496,DE005,UbB,"Udorthents, borrow area, 0 to 5 percent slopes",Udorthents,75,C,Moderately well drained,None,5,2.2,0.3118,0.16,A-6,CL,,,2.0,Somewhat limited,Very limited,Somewhat limited,Fair
1603497,DE005,UfB,"Udorthents, refuse substratum, 0 to 35 percent slopes",Udorthents,85,C,Well drained,None,0,28,3.9685,0.13,A-4,SC-SM,Strongly contrasting textural stratification,2.5,3.7,Very limited,Somewhat limited,Very limited,Poor
1603498,DE005,UlA,"Unicorn loam, 0 to 2 percent slopes",Unicorn,85,C,Well drained,None,0,5.64,0.7994,0.21,A-4,CL-ML,,,3.7,Somewhat limited,Very limited,Not limited,Fair
1603500,DE005,Up,Urban land,Urban land,90,,,None,0,,,,,,,,,Not rated,Not rated,Not rated,Not rated
1603501,DE005,UzC,"Udorthents, 0 to 10 percent slopes",Udorthents,90,A,Well drained,None,0,28,3.9685,0.13,A-2,SC-SM,,,3.7,Somewhat limited,Very limited,Not limited,Fair
1603502,DE005,UzD,"Udorthents, 10 to 30 percent slopes",Udorthents,90,A,Well drained,None,0,28,3.9685,0.13,A-2,SM,,,3.7,Somewhat limited,Very limited,Somewhat limited,Fair
1603503,DE005,W,Water,Water,100,,,None,0,,,,,,,,,Not rated,Not rated,Not rated,Not rated
1603504,DE005,WddA,"Woodstown sandy loam, 0 to 2 percent slopes, Northern Tidewater Area",Woodstown,80,C,Moderately well drained,None,6,28,3.9685,0.13,A-2-4,SC-SM,,,2.0,Somewhat limited,Very limited,Somewhat limited,Fair
1603506,DE005,WocA,"Woodstown loam, 0 to 2 percent slopes, Mid-Atlantic Coastal Plain",Woodstown,80,C,Moderately well drained,None,6,18,2.5512,0.13,A-4,SC,,,2.0,Somewhat limited,Very limited,Somewhat limited,Fair
1603570,DE005,Za,"Zekiah sandy loam, frequently flooded",Zekiah,75,B/D,Poorly drained,Frequent,95,18,2.5512,0.13,A-4,ML,,,0.4,Very limited,Very limited,Very limited,Fair
1606010,DE001,AbC,"Acquango-Beaches complex, 0 to 10 percent slopes",Acquango,50,A,Excessively drained,Occasional,0,600,85.0392,0.05,A-3,SP-SM,,,0.4,Very limited,Very limited,Very limited,Good
1606012,DE001,AsA,"Askecksy loamy sand, 0 to 2 percent slopes",Askecksy,45,A/D,Poorly drained,None,90,600,85.0392,0.45,A-8,PT,,,0.4,Very limited,Very limited,Very limited,Fair
1606015,DE001,CaA,"Carmichael loam, 0 to 2 percent slopes",Carmichael,45,C/D,Poorly drained,None,90,5.64,0.7994,0.22,A-4,ML,,,0.4,Very limited,Very limited,Very limited,Fair
1606016,DE001,CdB,"Cedartown loamy sand, 0 to 5 percent slopes",Cedartown,75,A,Somewhat excessively drained,None,0,45,6.3779,0.1,A-2-4,SM,,,3.7,Not limited,Very limited,Not limited,Fair
1606018,DE001,CoA,"Corsica mucky loam, 0 to 2 percent slopes",Corsica,55,B/D,Very poorly drained,None,95,600,85.0392,0.5,A-8,PT,,,0.2,Very limited,Very limited,Very limited,Poor
1606020,DE001,CsA,"Crosiadore silt loam, 0 to 2 percent slopes",Crosiadore,75,C/D,Somewhat poorly drained,None,0,5.64,0.7994,0.2,A-4,CL-ML,,,1.2,Very limited,Very limited,Very limited,Fair
1606021,DE001,DnA,"Downer loamy sand, 0 to 2 percent slopes",Downer,80,A,Well drained,None,0,91.74,13.0025,0.07,A-2-4,SM,,,,Somewhat limited,Very limited,Not limited,Fair
1606022,DE001,DncB,"Downer loamy sand, 2 to 5 percent slopes, Mid-Atlantic Coastal Plain",Downer,80,A,Well drained,None,0,91.74,13.0025,0.07,A-2-4,SM,,,,Somewhat limited,Very limited,Not limited,Fair
1606023,DE001,DnC,"Downer loamy sand, 5 to 10 percent slopes, Northern Tidewater Area",Downer,80,A,Well drained,None,0,91.74,13.0025,0.07,A-2-4,SM,,,,Somewhat limited,Very limited,Not limited,Fair
1606024,DE001,DoA,"Downer sandy loam, 0 to 2 percent slopes, Mid-Atlantic Coastal Plain",Downer,80,A,Well drained,None,0,91.74,13.0025,0.07,A-2-4,SM,,,,Somewhat limited,Very limited,Not limited,Fair
1606025,DE001,DodB,"Downer sandy loam, 2 to 5 percent slopes, Northern Tidewater Area",Downer,80,A,Well drained,None,0,91.74,13.0025,0.07,A-2-4,SM,,,,Somewhat limited,Very limited,Not limited,Fair
1606026,DE001,DoC,"Downer sandy loam, 5 to 10 percent slopes, Mid-Atlantic Coastal Plain",Downer,80,A,Well drained,None,0,91.74,13.0025,0.07,A-2-4,SM,,,,Somewhat limited,Very limited,Not limited,Fair
1606027,DE001,DuB,"Downer-Urban land complex, 0 to 5 percent slopes",Downer,60,A,Well drained,None,0,28,3.9685,0.12,A-2-4,SM,,,,Not limited,Very limited,Not limited,Fair
1606029,DE001,EmA,"Elkton silt loam, 0 to 2 percent slopes",Elkton,40,C/D,Poorly drained,None,80,600,85.0392,0.5,A-8,PT,,,0.4,Very limited,Very limited,Very limited,Poor
1606030,DE001,EvB,"Evesboro loamy sand, 0 to 5 percent slopes",Evesboro,75,A,Excessively drained,None,0,92,13.0393,0.1,A-2-4,SM,,,,Not limited,Very limited,Not limited,Fair
1606031,DE001,EvD,"Evesboro loamy sand, 5 to 15 percent slopes",Evesboro,75,A,Excessively drained,None,0,92,13.0393,0.1,A-2-4,SM,,,,Somewhat limited,Very limited,Somewhat limited,Fair
1606032,DE001,FzB,"Fallsington-Urban land complex, 0 to 5 percent slopes",Fallsington,40,B/D,Poorly drained,None,65,28,3.9685,0.13,A-4,SC-SM,,,0.4,Somewhat limited,Very limited,Very limited,Fair
1606034,DE001,FgcA,"Fallsington loams, 0 to 2 percent slopes, Mid-Altlantic Coastal Plain",Fallsington,38,C/D,Poorly drained,None,81,600,85.0392,0.44,A-8,PT,,,0.4,Very limited,Very limited,Very limited,Fair
1606036,DE001,FacA,"Fallsington sandy loams, 0 to 2 percent slopes, Mid-Atlantic Coastal Plain",Fallsington,48,C/D,Poorly drained,None,78,600,85.0392,0.44,A-8,PT,,,0.4,Very limited,Very limited,Very limited,Fair
1606037,DE001,FmA,"Fort Mott loamy sand, 0 to 2 percent slopes",Fort Mott,80,A,Well drained,None,0,92,13.0393,0.07,A-2-4,SM,,,,Not limited,Very limited,Not limited,Fair
1606038,DE001,FmB,"Fort Mott loamy sand, 2 to 5 percent slopes",Fort Mott,80,A,Well drained,None,0,92,13.0393,0.07,A-2-4,SM,,,,Not limited,Very limited,Not limited,Fair
1606039,DE001,FhB,"Fort Mott-Henlopen complex, 2 to 5 percent slopes",Fort Mott,45,A,Well drained,None,0,92,13.0393,0.07,A-2-4,SM,,,,Not limited,Very limited,Not limited,Fair
1606040,DE001,GaB,"Galestown loamy sand, 0 to 5 percent slopes",Galestown,80,A,Somewhat excessively drained,None,0,135,19.1338,0.1,A-2-4,SM,,,,Not limited,Very limited,Not limited,Fair
1606041,DE001,GaD,"Galestown loamy sand, 5 to 15 percent slopes",Galestown,80,A,Somewhat excessively drained,None,0,135,19.1338,0.1,A-2-4,SM,,,,Somewhat limited,Very limited,Somewhat limited,Fair
1606042,DE001,GoA,"Glassboro sandy loam, 0 to 2 percent slopes",Glassboro,80,A/D,Somewhat poorly drained,None,0,28.225,4.0004,0.13,A-2-4,SC-SM,,,1.0,Very limited,Very limited,Very limited,Fair
1606044,DE001,GrA,"Greenwich loam, 0 to 2 percent slopes",Greenwich,85,B,Well drained,None,0,5.64,0.7994,0.18,A-4,CL-ML,,,,Somewhat limited,Very limited,Not limited,Good
1606045,DE001,GrB,"Greenwich loam, 2 to 5 percent slopes",Greenwich,85,B,Well drained,None,0,5.64,0.7994,0.18,A-4,CL-ML,,,,Somewhat limited,Very limited,Not limited,Good
1606046,DE001,GuB,"Greenwich-Urban land complex, 0 to 5 percent slopes",Greenwich,60,B,Well drained,None,0,5.64,0.7994,0.18,A-4,CL-ML,,,,Somewhat limited,Very limited,Not limited,Good
1606047,DE001,HbA,"Hambrook sandy loam, 0 to 2 percent slopes",Hambrook,80,B,Well drained,None,0,28,3.9685,0.13,A-4,SC-SM,,,3.7,Somewhat limited,Very limited,Not limited,Fair
1606048,DE001,HbB,"Hambrook sandy loam, 2 to 5 percent slopes",Hambrook,80,B,Well drained,None,0,28,3.9685,0.13,A-4,SC-SM,,,3.7,Somewhat limited,Very limited,Not limited,Fair
1606052,DE001,HkB,"Hambrook-Urban land complex, 0 to 5 percent slopes",Hambrook,45,,Well drained,None,0,28,3.9685,0.13,A-4,SC-SM,,,3.7,Not rated,Not rated,Not rated,Not rated
1606053,DE001,HmAc,"Hammonton loamy sand, 0 to 2 percent slopes, Mid Atlantic Coastal Plain",Hammonton,85,B,Moderately well drained,None,5,28,3.9685,0.13,A-2-4,SM,,,2.0,Somewhat limited,Very limited,Somewhat limited,Fair
1606054,DE001,HnA,"Hammonton sandy loam, 0 to 2 percent slopes",Hammonton,80,B,Moderately well drained,None,5,28,3.9685,0.13,A-2-4,SM,,,2.0,Somewhat limited,Very limited,Somewhat limited,Fair
1606056,DE001,HnB,"Hammonton sandy loam, 2 to 5 percent slopes",Hammonton,80,B,Moderately well drained,None,5,28,3.9685,0.13,A-2-4,SM,,,2.0,Somewhat limited,Very limited,Somewhat limited,Fair
1606057,DE001,HoA,"Hammonton-Fallsington-Mullica complex, 0 to 2 percent slopes",Hammonton,40,B,Moderately well drained,None,55,28,3.9685,0.13,A-2-4,SM,,,0.4,Somewhat limited,Very limited,Very limited,Fair
1606058,DE001,HpA,"Henlopen loamy sand, 0 to 2 percent slopes",Henlopen,80,A,Somewhat excessively drained,None,0,92,13.0393,0.07,A-2-4,SM,,,,Not limited,Very limited,Not limited,Fair
1606059,DE001,HpB,"Henlopen loamy sand, 2 to 5 percent slopes",Henlopen,80,A,Somewhat excessively drained,None,0,92,13.0393,0.07,A-2-4,SM,,,,Not limited,Very limited,Not limited,Fair
1606060,DE001,HrA,"Henlopen-Rosedale complex, 0 to 2 percent slopes",Henlopen,50,A,Somewhat excessively drained,None,0,92,13.0393,0.07,A-2-4,SM,,,3.7,Not limited,Very limited,Not limited,Fair
1606061,DE001,HrB,"Henlopen-Rosedale complex, 2 to 5 percent slopes",Henlopen,45,A,Somewhat excessively drained,None,0,92,13.0393,0.07,A-2-4,SM,,,3.7,Not limited,Very limited,Not limited,Fair
1606067,DE001,HsA,"Henlopen-Rosedale-Urban land complex, 0 to 2 percent slopes",Henlopen,40,A,Somewhat excessively drained,None,0,92,13.0393,0.07,A-2-4,SM,,,3.7,Not limited,Very limited,Not limited,Fair
1606068,DE001,HuA,"Hurlock loamy sand, 0 to 2 percent slopes",Hurlock,41,A/D,Poorly drained,None,80,92,13.0393,0.1,A-2-4,SC-SM,,,0.4,Somewhat limited,Very limited,Very limited,Fair
1606069,DE001,HvA,"Hurlock sandy loam, 0 to 2 percent slopes",Hurlock,42,A/D,Poorly drained,None,85,28,3.9685,0.13,A-2-4,SC-SM,,,0.4,Very limited,Very limited,Very limited,Fair
1606070,DE001,IeA,"Ingleside loamy sand, 0 to 2 percent slopes",Ingleside,75,A,Well drained,None,0,92,13.0393,0.1,A-2-4,SM,,,3.7,Not limited,Very limited,Not limited,Fair
1606071,DE001,IeB,"Ingleside loamy sand, 2 to 5 percent slopes",Ingleside,75,A,Well drained,None,0,92,13.0393,0.1,A-2-4,SM,,,3.7,Not limited,Very limited,Not limited,Fair
1606072,DE001,IgA,"Ingleside sandy loam, 0 to 2 percent slopes",Ingleside,75,A,Well drained,None,0,28,3.9685,0.13,A-2-4,SM,,,3.7,Not limited,Very limited,Not limited,Fair
1606073,DE001,IgB,"Ingleside sandy loam, 2 to 5 percent slopes",Ingleside,75,A,Well drained,None,0,28,3.9685,0.13,A-2-4,SM,,,3.7,Not limited,Very limited,Not limited,Fair
1606075,DE001,IgC,"Ingleside sandy loam, 5 to 10 percent slopes",Ingleside,75,A,Well drained,None,0,28,3.9685,0.13,A-2-4,SM,,,3.7,Not limited,Very limited,Not limited,Fair
1606076,DE001,ImB,"Ingleside-Hammonton-Fallsington complex, 0 to 5 percent slopes",Ingleside,35,A,Well drained,None,25,28,3.9685,0.13,A-2-4,SM,,,1.2,Somewhat limited,Very limited,Not limited,Fair
1606077,DE001,IuB,"Ingleside-Urban land complex, 0 to 5 percent slopes",Ingleside,50,A,Well drained,None,0,28,3.9685,0.13,A-2-4,SM,,,3.7,Not limited,Very limited,Not limited,Fair
1606079,DE001,KnA,"Kentuck mucky silt loam, 0 to 2 percent slopes",Kentuck,45,C/D,Very poorly drained,None,90,70.6,10.0063,0.45,A-8,PT,,,0.2,Very limited,Very limited,Very limited,Fair
1606080,DE001,KfA,"Keyport fine sandy loam, 0 to 2 percent slopes",Keyport,85,D,Moderately well drained,None,0,14,1.9842,0.16,A-4,SM,,,2.0,Somewhat limited,Very limited,Somewhat limited,Poor
1606081,DE001,KpA,"Keyport silt loam, 0 to 2 percent slopes",Keyport,80,D,Moderately well drained,None,5,9,1.2756,0.22,A-4,ML,,,2.0,Somewhat limited,Very limited,Somewhat limited,Poor
1606082,DE001,KsA,"Klej loamy sand, 0 to 2 percent slopes",Klej,70,A/D,Somewhat poorly drained,None,10,100,14.1732,0.1,A-2-4,SM,,,1.0,Very limited,Very limited,Very limited,Fair
1606083,DE001,KgB,"Klej-Galloway complex, 0 to 5 percent slopes",Klej,45,A/D,Somewhat poorly drained,None,15,92,13.0393,0.1,A-2-4,SM,,,1.0,Very limited,Very limited,Very limited,Fair
1606086,DE001,LeB,"Leipsic silt loam, 2 to 5 percent slopes",Leipsic,75,C,Moderately well drained,None,0,9,1.2756,0.21,A-4,ML,,,2.0,Very limited,Very limited,Somewhat limited,Poor
1606088,DE001,LeA,"Leipsic silt loam, 0 to 2 percent slopes",Leipsic,75,C,Moderately well drained,None,0,9,1.2756,0.21,A-4,ML,,,2.0,Very limited,Very limited,Somewhat limited,Poor
1606093,DE001,LfA,"Lenni sandy loam, 0 to 2 percent slopes",Lenni,50,D,Poorly drained,None,85,600,85.0392,0.45,A-8,PT,,,0.4,Very limited,Very limited,Very limited,Fair
1606094,DE001,LhA,"Lenni silt loam, 0 to 2 percent slopes",Lenni,50,D,Poorly drained,None,80,5.64,0.7994,0.19,A-4,CL-ML,,,0.4,Very limited,Very limited,Very limited,Fair
1606096,DE001,MakAc,"Manahawkin muck, 0 to 2 percent slopes, frequently flooded, Mid Atlantic Coastal Plain",Manahawkin,80,A/D,Very poorly drained,Frequent,5,92,13.0393,0.45,A-8,PT,,,0.0,Very limited,Very limited,Very limited,Poor
1606097,DE001,McA,"Marshyhope loam, 0 to 2 percent slopes",Marshyhope,85,B/D,Somewhat poorly drained,None,0,14,1.9842,0.19,A-4,CL-ML,,,1.0,Very limited,Very limited,Very limited,Fair
1606098,DE001,MdA,"Marshyhope sandy loam, 0 to 2 percent slopes",Marshyhope,85,B/D,Somewhat poorly drained,None,0,28,3.9685,0.13,A-2-4,SC-SM,,,1.0,Very limited,Very limited,Very limited,Fair
1606100,DE001,MkA,"Matapeake silt loam, 0 to 2 percent slopes",Matapeake,80,C,Well drained,None,0,5.64,0.7994,0.19,A-4,CL-ML,,,,Very limited,Very limited,Not limited,Fair
1606102,DE001,MkB,"Matapeake silt loam, 2 to 5 percent slopes",Matapeake,80,C,Well drained,None,0,5.64,0.7994,0.19,A-4,CL-ML,,,,Very limited,Very limited,Not limited,Fair
1606105,DE001,MtcA,"Mattapex silt loam, 0 to 2 percent slopes, Mid-Atlantic Coastal Plain",Mattapex,80,C,Moderately well drained,None,5,5.64,0.7994,0.21,A-4,CL,,,2.0,Very limited,Very limited,Somewhat limited,Fair
1606108,DE001,MtcB,"Mattapex silt loam, 2 to 5 percent slopes, Mid-Atlantic Coastal Plain",Mattapex,80,C,Moderately well drained,None,5,5.64,0.7994,0.21,A-4,CL,,,2.0,Very limited,Very limited,Somewhat limited,Fair
1606111,DE001,MtC,"Mattapex silt loam, 5 to 10 percent slopes",Mattapex,75,C,Moderately well drained,None,2,5.64,0.7994,0.21,A-4,ML,,,2.0,Very limited,Very limited,Somewhat limited,Fair
1606114,DE001,MmA,"Mullica mucky sandy loam, 0 to 2 percent slopes",Mullica,50,A/D,Very poorly drained,None,80,28,3.9685,0.13,A-2-5,SM,,,0.2,Very limited,Very limited,Very limited,Fair
1606116,DE001,M-W,Miscellaneous water,Miscellaneous water,100,,,None,0,,,,,,,,,Not rated,Not rated,Not rated,Not rated
1606119,DE001,NsA,"Nassawango silt loam, 0 to 2 percent slopes",Nassawango,80,C,Well drained,None,5,5.64,0.7994,0.22,A-4,ML,,,3.7,Very limited,Very limited,Not limited,Fair
1606124,DE001,OtA,"Othello silt loams, 0 to 2 percent slopes, Mid-Atlantic Coastal Plain",Othello,48,C/D,Poorly drained,None,86,9,1.2756,0.17,A-4,CL,,,0.4,Very limited,Very limited,Very limited,Fair
1606126,DE001,PrA,"Pepperbox-Rockawalkin complex, 0 to 2 percent slopes",Pepperbox,50,A,Moderately well drained,None,0,92,13.0393,0.1,A-2-4,SM,,,2.0,Somewhat limited,Very limited,Somewhat limited,Fair
1606127,DE001,PsA,"Pepperbox-Rosedale complex, 0 to 2 percent slopes",Pepperbox,46,A,Moderately well drained,None,0,92,13.0393,0.1,A-2-4,SM,,,2.0,Somewhat limited,Very limited,Somewhat limited,Fair
1606129,DE001,PsB,"Pepperbox-Rosedale complex, 2 to 5 percent slopes",Pepperbox,46,A,Moderately well drained,None,0,135,19.1338,0.1,A-2-4,SM,,,2.0,Somewhat limited,Very limited,Somewhat limited,Fair
1606138,DE001,PyA,"Pineyneck loam, 0 to 2 percent slopes",Pineyneck,80,C,Moderately well drained,None,0,5.64,0.7994,0.21,A-4,CL-ML,,,2.0,Somewhat limited,Very limited,Somewhat limited,Fair
1606139,DE001,PyB,"Pineyneck loam, 2 to 5 percent slopes",Pineyneck,80,C,Moderately well drained,None,0,5.64,0.7994,0.21,A-4,CL-ML,,,2.0,Somewhat limited,Very limited,Somewhat limited,Fair
1606141,DE001,Pk,"Puckum muck, frequently flooded",Puckum,85,A/D,Very poorly drained,Frequent,100,92,13.0393,0.4,A-8,PT,,,0.2,Very limited,Very limited,Very limited,Poor
1606151,DE001,RkA,"Rockawalkin loamy sand, 0 to 2 percent slopes",Rockawalkin,75,A,Moderately well drained,None,0,92,13.0393,0.07,A-2,SM,,,2.0,Somewhat limited,Very limited,Somewhat limited,Fair
1606157,DE001,RkB,"Rockawalkin loamy sand, 2 to 5 percent slopes",Rockawalkin,75,A,Moderately well drained,None,0,92,13.0393,0.07,A-2,SM,,,2.0,Somewhat limited,Very limited,Somewhat limited,Fair
1606172,DE001,RoA,"Rosedale loamy sand, 0 to 2 percent slopes",Rosedale,75,A,Well drained,None,0,92,13.0393,0.07,A-2-4,SC-SM,,,3.7,Not limited,Very limited,Not limited,Fair
1606173,DE001,RoB,"Rosedale loamy sand, 2 to 5 percent slopes",Rosedale,75,A,Well drained,None,0,92,13.0393,0.07,A-2-4,SC-SM,,,3.7,Not limited,Very limited,Not limited,Fair
1606174,DE001,RuA,"Runclint loamy sand, 0 to 2 percent slopes",Runclint,75,A,Excessively drained,None,5,92,13.0393,0.1,A-2-4,SM,,,3.7,Not limited,Very limited,Not limited,Fair
1606175,DE001,RuB,"Runclint loamy sand, 2 to 5 percent slopes",Runclint,75,A,Excessively drained,None,5,92,13.0393,0.1,A-2-4,SM,,,3.7,Not limited,Very limited,Not limited,Fair
1606176,DE001,SlA,"Sassafras loam, 0 to 2 percent slopes",Sassafras,80,B,Well drained,None,0,28,3.9685,0.13,A-4,SC,,,,Somewhat limited,Very limited,Not limited,Fair
1606179,DE001,SlB,"Sassafras loam, 2 to 5 percent slopes",Sassafras,80,B,Well drained,None,0,28,3.9685,0.13,A-4,SC,,,,Somewhat limited,Very limited,Not limited,Fair
1606181,DE001,SacB,"Sassafras sandy loam, 2 to 5 percent slopes, Mid-Atlantic Coastal Plain",Sassafras,80,B,Well drained,None,0,23.29,3.3009,0.14,A-4,SC-SM,,,,Somewhat limited,Very limited,Not limited,Fair
1606182,DE001,SacC,"Sassafras sandy loam, 5 to 10 percent slopes, Mid-Atlantic Coastal Plain",Sassafras,80,B,Well drained,None,0,23.29,3.3009,0.14,A-4,SC-SM,,,,Somewhat limited,Very limited,Not limited,Fair
1606183,DE001,SSD,"Sassafras sandy loam, 10 to 15 percent slopes",Sassafras,75,B,Well drained,None,5,28,3.9685,0.13,A-4,CL-ML,,,,Somewhat limited,Very limited,Somewhat limited,Fair
1606186,DE001,TeA,"Tent silt loam, 0 to 2 percent slopes",Tent,50,C/D,Poorly drained,None,85,9,1.2756,0.21,A-6,CL,,,0.4,Very limited,Very limited,Very limited,Poor
1606188,DE001,UzC,"Udorthents, 0 to 10 percent slopes",Udorthents,90,A,Well drained,None,0,28,3.9685,0.13,A-2,SC-SM,,,3.7,Somewhat limited,Very limited,Not limited,Fair
1606190,DE001,UbB,"Udorthents, borrow area, 0 to 5 percent slopes",Udorthents,75,C,Moderately well drained,None,5,2.2,0.3118,0.16,A-6,CL,,,2.0,Somewhat limited,Very limited,Somewhat limited,Fair
1606194,DE001,UlA,"Unicorn loam, 0 to 2 percent slopes",Unicorn,85,C,Well drained,None,0,5.64,0.7994,0.21,A-4,CL-ML,,,3.7,Somewhat limited,Very limited,Not limited,Fair
1606195,DE001,UlB,"Unicorn loam, 2 to 5 percent slopes",Unicorn,85,C,Well drained,None,0,5.64,0.7994,0.21,A-4,CL-ML,,,3.7,Somewhat limited,Very limited,Not limited,Fair
1606197,DE001,WhA,"Whitemarsh silt loam, 0 to 2 percent slopes",Whitemarsh,45,C/D,Poorly drained,None,85,9,1.2756,0.21,A-4,ML,,,0.4,Very limited,Very limited,Very limited,Poor
1606198,DE001,W,Water,Water,100,,,None,0,,,,,,,,,Not rated,Not rated,Not rated,Not rated
1606199,DE001,WddA,"Woodstown sandy loam, 0 to 2 percent slopes, Northern Tidewater Area",Woodstown,80,C,Moderately well drained,None,6,28,3.9685,0.13,A-2-4,SC-SM,,,2.0,Somewhat limited,Very limited,Somewhat limited,Fair
1606201,DE001,WdcB,"Woodstown sandy loam, 2 to 5 percent slopes, Mid-Atlantic Coastal Plain",Woodstown,80,C,Moderately well drained,None,6,28,3.9685,0.13,A-2-4,SC-SM,,,2.0,Somewhat limited,Very limited,Somewhat limited,Fair
1606202,DE001,WocA,"Woodstown loam, 0 to 2 percent slopes, Mid-Atlantic Coastal Plain",Woodstown,80,C,Moderately well drained,None,6,18,2.5512,0.13,A-4,SC,,,2.0,Somewhat limited,Very limited,Somewhat limited,Fair
1606204,DE001,WocB,"Woodstown loam, 2 to 5 percent slopes, Mid-Atlantic Coastal Plain",Woodstown,80,C,Moderately well drained,None,6,18,2.5512,0.13,A-4,SC,,,2.0,Somewhat limited,Very limited,Somewhat limited,Fair
1606205,DE001,Za,"Zekiah sandy loam, frequently flooded",Zekiah,75,B/D,Poorly drained,Frequent,95,18,2.5512,0.13,A-4,ML,,,0.4,Very limited,Very limited,Very limited,Fair
1608682,DE001,NsB,"Nassawango silt loam, 2 to 5 percent slopes",Nassawango,80,C,Well drained,None,5,5.64,0.7994,0.22,A-4,ML,,,3.7,Very limited,Very limited,Not limited,Fair
1608683,DE001,ReA,"Reybold silt loam, 0 to 2 percent slopes",Reybold,75,B,Well drained,None,0,9.17,1.2997,0.2,A-4,CL-ML,,,,Somewhat limited,Very limited,Not limited,Fair
1608685,DE001,RdA,"Reybold-Queponco complex, 0 to 2 percent slopes",Reybold,45,B,Well drained,None,0,9.17,1.2997,0.2,A-4,CL-ML,,,3.7,Somewhat limited,Very limited,Not limited,Fair
1608848,DE001,Up,Urban land,Urban land,90,,,None,0,,,,,,,,,Not rated,Not rated,Not rated,Not rated
1608854,DE001,ReB,"Reybold silt loam, 2 to 5 percent slopes",Reybold,75,B,Well drained,None,0,9.17,1.2997,0.2,A-4,CL-ML,,,,Somewhat limited,Very limited,Not limited,Fair
1675902,DE005,RsA,"Runclint sand, 0 to 2 percent slopes",Runclint,75,A,Excessively drained,None,5,423,59.9526,0.07,A-3,SP-SM,,,3.7,Not limited,Very limited,Not limited,Fair
1675903,DE005,RsB,"Runclint sand, 2 to 5 percent slopes",Runclint,75,A,Excessively drained,None,5,423,59.9526,0.07,A-3,SP-SM,,,3.7,Not limited,Very limited,Not limited,Fair
1675904,DE005,RwA,"Runclint-Cedartown complex, 0 to 2 percent slopes",Runclint,45,A,Excessively drained,None,0,423,59.9526,0.07,A-3,SP-SM,,,3.7,Not limited,Very limited,Not limited,Fair
1675905,DE005,RwB,"Runclint-Cedartown complex, 2 to 5 percent slopes",Runclint,45,A,Excessively drained,None,0,423,59.9526,0.07,A-3,SP-SM,,,3.7,Not limited,Very limited,Not limited,Fair
1697670,DE003,M-W,Miscellaneous water,Miscellaneous water,100,,,None,0,,,,,,,,,Not rated,Not rated,Not rated,Not rated
1697823,DE003,W,Water,Water,100,,,None,0,,,,,,,,,Not rated,Not rated,Not rated,Not rated
1727157,DE001,UfF,"Udorthents, refuse substratum, 5 to 35 percent slopes",Udorthents,85,C,Well drained,None,0,28,3.9685,0.13,A-4,SM,Strongly contrasting textural stratification,2.5,3.7,Very limited,Very limited,Very limited,Poor
2479764,DE003,UbB,"Udorthents, borrow area, 0 to 5 percent slopes",Udorthents,75,C,Moderately well drained,None,5,2.2,0.3118,0.16,A-6,CL,,,2.0,Somewhat limited,Very limited,Somewhat limited,Fair
2479765,DE003,UsB,"Udorthents, refuse substratum, 0 to 5 percent slopes",Udorthents,85,C,Well drained,None,0,28,3.9685,0.13,A-4,SC-SM,Strongly contrasting textural stratification,2.5,3.7,Very limited,Somewhat limited,Very limited,Poor
2479769,DE003,Za,"Zekiah sandy loam, frequently flooded",Zekiah,75,B/D,Poorly drained,Frequent,95,18,2.5512,0.13,A-4,ML,,,0.4,Very limited,Very limited,Very limited,Fair
2479772,DE003,HoA,"Hammonton-Fallsington-Mullica complex, 0 to 2 percent slopes",Hammonton,40,B,Moderately well drained,None,55,28,3.9685,0.13,A-2-4,SM,,,0.4,Somewhat limited,Very limited,Very limited,Fair
2479773,DE003,ImB,"Ingleside-Hammonton-Fallsington complex, 0 to 5 percent slopes",Ingleside,35,A,Well drained,None,25,28,3.9685,0.13,A-2-4,SM,,,1.2,Somewhat limited,Very limited,Not limited,Fair
2479774,DE003,LfA,"Leipsic-Reybold complex, 0 to 2 percent slopes",Leipsic,45,C,Moderately well drained,None,0,9,1.2756,0.21,A-4,ML,,,2.0,Very limited,Very limited,Somewhat limited,Poor
2479775,DE003,LfB,"Leipsic-Reybold complex, 2 to 5 percent slopes",Leipsic,45,C,Moderately well drained,None,0,9,1.2756,0.21,A-4,ML,,,2.0,Very limited,Very limited,Somewhat limited,Poor
2479776,DE003,VoB,"Urban land-Othello complex, 0 to 5 percent slopes",Urban land,60,,,None,30,,,,,,,,1.2,Not rated,Not rated,Not rated,Not rated
2479777,DE003,UwA,"Udorthents, wet substratum, 0 to 2 percent slopes",Udorthents,85,C,Moderately well drained,None,0,2.2,0.3118,0.17,A-2,ML,,,2.0,Somewhat limited,Very limited,Somewhat limited,Fair
2479778,DE003,UzF,"Udorthents, 10 to 30 percent slopes",Udorthents,85,A,Well drained,None,0,28,3.9685,0.13,A-2,SC-SM,,,3.7,Very limited,Very limited,Very limited,Fair
2479779,DE003,UzC,"Udorthents, 0 to 10 percent slopes",Udorthents,90,A,Well drained,None,0,28,3.9685,0.13,A-2,SC-SM,,,3.7,Somewhat limited,Very limited,Not limited,Fair
2479780,DE003,Up,Urban land,Urban land,90,,,None,0,,,,,,,,,Not rated,Not rated,Not rated,Not rated
2479781,DE003,DoA,"Downer sandy loam, 0 to 2 percent slopes, Mid-Atlantic Coastal Plain",Downer,80,A,Well drained,None,0,91.74,13.0025,0.07,A-2-4,SM,,,,Somewhat limited,Very limited,Not limited,Fair
2479782,DE003,DoaB,"Downer sandy loam, 2 to 5 percent slopes, Northern Coastal Plain",Downer,80,A,Well drained,None,0,91.74,13.0025,0.07,A-2-4,SM,,,,Somewhat limited,Very limited,Not limited,Fair
2479783,DE003,DoaC,"Downer sandy loam, 5 to 10 percent slopes, Northern Coastal Plain",Downer,80,A,Well drained,None,0,91.74,13.0025,0.07,A-2-4,SM,,,,Somewhat limited,Very limited,Not limited,Fair
2479784,DE003,IgB,"Ingleside sandy loam, 2 to 5 percent slopes",Ingleside,75,A,Well drained,None,0,28,3.9685,0.13,A-2-4,SM,,,3.7,Not limited,Very limited,Not limited,Fair
2479785,DE003,IeA,"Ingleside loamy sand, 0 to 2 percent slopes",Ingleside,75,A,Well drained,None,0,92,13.0393,0.1,A-2-4,SM,,,3.7,Not limited,Very limited,Not limited,Fair
2479786,DE003,IeB,"Ingleside loamy sand, 2 to 5 percent slopes",Ingleside,75,A,Well drained,None,0,92,13.0393,0.1,A-2-4,SM,,,3.7,Not limited,Very limited,Not limited,Fair
2479787,DE003,HnA,"Hammonton sandy loam, 0 to 2 percent slopes",Hammonton,80,B,Moderately well drained,None,5,28,3.9685,0.13,A-2-4,SM,,,2.0,Somewhat limited,Very limited,Somewhat limited,Fair
2479788,DE003,MmA,"Mullica mucky sandy loam, 0 to 2 percent slopes",Mullica,50,A/D,Very poorly drained,None,80,28,3.9685,0.13,A-2-5,SM,,,0.2,Very limited,Very limited,Very limited,Fair
2479789,DE003,GrA,"Greenwich loam, 0 to 2 percent slopes",Greenwich,85,B,Well drained,None,0,5.64,0.7994,0.18,A-4,CL-ML,,,,Somewhat limited,Very limited,Not limited,Good
2479790,DE003,GrB,"Greenwich loam, 2 to 5 percent slopes",Greenwich,85,B,Well drained,None,0,5.64,0.7994,0.18,A-4,CL-ML,,,,Somewhat limited,Very limited,Not limited,Good
2479791,DE003,GuB,"Greenwich-Urban land complex, 0 to 5 percent slopes",Greenwich,60,B,Well drained,None,0,5.64,0.7994,0.18,A-4,CL-ML,,,,Somewhat limited,Very limited,Not limited,Good
2479793,DE003,SacB,"Sassafras sandy loam, 2 to 5 percent slopes, Mid-Atlantic Coastal Plain",Sassafras,80,B,Well drained,None,0,23.29,3.3009,0.14,A-4,SC-SM,,,,Somewhat limited,Very limited,Not limited,Fair
2479794,DE003,SaaC,"Sassafras sandy loam, 5 to 10 percent slopes, Northern Coastal Plain",Sassafras,80,B,Well drained,None,4,23.29,3.3009,0.14,A-4,SC-SM,,,,Somewhat limited,Very limited,Not limited,Fair
2479795,DE003,SaD,"Sassafras sandy loam, 10 to 15 percent slopes",Sassafras,75,B,Well drained,None,5,28,3.9685,0.13,A-4,CL-ML,,,,Somewhat limited,Very limited,Somewhat limited,Fair
2479796,DE003,SaE,"Sassafras sandy loam, 15 to 25 percent slopes",Sassafras,75,B,Well drained,None,0,28,3.9685,0.13,A-4,CL-ML,,,,Very limited,Very limited,Very limited,Fair
2479797,DE003,HbA,"Hambrook sandy loam, 0 to 2 percent slopes",Hambrook,80,B,Well drained,None,0,28,3.9685,0.13,A-4,SC-SM,,,3.7,Somewhat limited,Very limited,Not limited,Fair
2479798,DE003,HbB,"Hambrook sandy loam, 2 to 5 percent slopes",Hambrook,80,B,Well drained,None,0,28,3.9685,0.13,A-4,SC-SM,,,3.7,Somewhat limited,Very limited,Not limited,Fair
2479799,DE003,HkB,"Hambrook-Urban land complex, 0 to 5 percent slopes",Hambrook,45,,Well drained,None,0,28,3.9685,0.13,A-4,SC-SM,,,3.7,Not rated,Not rated,Not rated,Not rated
2479800,DE003,WoaA,"Woodstown loam, 0 to 2 percent slopes, Northern Coastal Plain",Woodstown,81,C,Moderately well drained,None,7,18,2.5512,0.13,A-4,SC,,,2.0,Somewhat limited,Very limited,Somewhat limited,Fair
2479801,DE003,WoaB,"Woodstown loam, 2 to 5 percent slopes, Northern Coastal Plain",Woodstown,81,C,Moderately well drained,None,7,18,2.5512,0.13,A-4,SC,,,2.0,Somewhat limited,Very limited,Somewhat limited,Fair
2479802,DE003,WdaA,"Woodstown sandy loam, 0 to 2 percent slopes, Northern Coastal Plain",Woodstown,81,C,Moderately well drained,None,7,28,3.9685,0.13,A-2-4,SC-SM,,,2.0,Somewhat limited,Very limited,Somewhat limited,Fair
2479803,DE003,WdaB,"Woodstown sandy loam, 2 to 5 percent slopes, Northern Coastal Plain",Woodstown,81,C,Moderately well drained,None,7,28,3.9685,0.13,A-2-4,SC-SM,,,2.0,Somewhat limited,Very limited,Somewhat limited,Fair
2479804,DE003,FgaA,"Fallsington loams, 0 to 2 percent slopes, Northern Coastal Plain",Fallsington,38,C/D,Poorly drained,None,85,600,85.0392,0.44,A-8,PT,,,0.4,Very limited,Very limited,Very limited,Fair
2479805,DE003,FaaA,"Fallsington sandy loams, 0 to 2 percent slopes, northern coastal plain",Fallsington,48,C/D,Poorly drained,None,75,600,85.0392,0.44,A-8,PT,,,0.4,Very limited,Very limited,Very limited,Fair
2479806,DE003,FzB,"Fallsington-Urban land complex, 0 to 5 percent slopes",Fallsington,40,B/D,Poorly drained,None,65,28,3.9685,0.13,A-4,SC-SM,,,0.4,Somewhat limited,Very limited,Very limited,Fair
2479807,DE003,CoA,"Corsica mucky loam, 0 to 2 percent slopes",Corsica,55,B/D,Very poorly drained,None,95,600,85.0392,0.5,A-8,PT,,,0.2,Very limited,Very limited,Very limited,Poor
2479808,DE003,CsA,"Crosiadore silt loam, 0 to 2 percent slopes",Crosiadore,75,C/D,Somewhat poorly drained,None,0,5.64,0.7994,0.2,A-4,CL-ML,,,1.2,Very limited,Very limited,Very limited,Fair
2479809,DE003,CnB,"Collington fine sandy loam, 2 to 5 percent slopes",Collington,80,B,Well drained,None,0,23.29,3.3009,0.18,A-4,SC,,,,Somewhat limited,Very limited,Not limited,Fair
2479810,DE003,CnD,"Collington fine sandy loam, 5 to 10 percent slopes",Collington,80,B,Well drained,None,0,23.29,3.3009,0.18,A-4,SC,,,,Somewhat limited,Very limited,Not limited,Fair
2479812,DE003,KmE,"Keyport loam, 10 to 25 percent slopes",Keyport,80,D,Moderately well drained,None,0,14,1.9842,0.19,A-4,CL-ML,,,2.0,Very limited,Very limited,Very limited,Poor
2479813,DE003,KpA,"Keyport silt loam, 0 to 2 percent slopes",Keyport,80,D,Moderately well drained,None,5,9,1.2756,0.22,A-4,ML,,,2.0,Somewhat limited,Very limited,Somewhat limited,Poor
2479814,DE003,KpB,"Keyport silt loam, 2 to 5 percent slopes",Keyport,80,D,Moderately well drained,None,0,9,1.2756,0.22,A-4,ML,,,2.0,Somewhat limited,Very limited,Somewhat limited,Poor
2479815,DE003,KhC,"Keyport sandy loam, 5 to 10 percent slopes",Keyport,80,D,Moderately well drained,None,0,28,3.9685,0.13,A-4,SM,,,2.0,Somewhat limited,Very limited,Somewhat limited,Poor
2479816,DE003,LhA,"Lenni silt loam, 0 to 2 percent slopes",Lenni,50,D,Poorly drained,None,80,5.64,0.7994,0.19,A-4,CL-ML,,,0.4,Very limited,Very limited,Very limited,Fair
2479817,DE003,LeA,"Leipsic silt loam, 0 to 2 percent slopes",Leipsic,75,C,Moderately well drained,None,0,9,1.2756,0.21,A-4,ML,,,2.0,Very limited,Very limited,Somewhat limited,Poor
2479818,DE003,LeB,"Leipsic silt loam, 2 to 5 percent slopes",Leipsic,75,C,Moderately well drained,None,0,9,1.2756,0.21,A-4,ML,,,2.0,Very limited,Very limited,Somewhat limited,Poor
2479819,DE003,RdA,"Reybold-Queponco complex, 0 to 2 percent slopes",Reybold,45,B,Well drained,None,0,9.17,1.2997,0.2,A-4,CL-ML,,,3.7,Somewhat limited,Very limited,Not limited,Fair
2479820,DE003,ReA,"Reybold silt loam, 0 to 2 percent slopes",Reybold,75,B,Well drained,None,0,9.17,1.2997,0.2,A-4,CL-ML,,,,Somewhat limited,Very limited,Not limited,Fair
2479821,DE003,ReB,"Reybold silt loam, 2 to 5 percent slopes",Reybold,75,B,Well drained,None,0,9.17,1.2997,0.2,A-4,CL-ML,,,,Somewhat limited,Very limited,Not limited,Fair
2479822,DE003,ReC,"Reybold silt loam, 5 to 10 percent slopes",Reybold,75,B,Well drained,None,0,9.17,1.2997,0.2,A-4,CL-ML,,,,Somewhat limited,Very limited,Not limited,Fair
2479836,DE003,EmA,"Elkton silt loam, 0 to 2 percent slopes",Elkton,40,C/D,Poorly drained,None,80,600,85.0392,0.5,A-8,PT,,,0.4,Very limited,Very limited,Very limited,Poor
2479837,DE003,NsA,"Nassawango silt loam, 0 to 2 percent slopes",Nassawango,80,C,Well drained,None,5,5.64,0.7994,0.22,A-4,ML,,,3.7,Very limited,Very limited,Not limited,Fair
2479838,DE003,NsB,"Nassawango silt loam, 2 to 5 percent slopes",Nassawango,80,C,Well drained,None,5,5.64,0.7994,0.22,A-4,ML,,,3.7,Very limited,Very limited,Not limited,Fair
2479839,DE003,MkA,"Matapeake silt loam, 0 to 2 percent slopes",Matapeake,80,C,Well drained,None,0,5.64,0.7994,0.19,A-4,CL-ML,,,,Very limited,Very limited,Not limited,Fair
2479840,DE003,MkB,"Matapeake silt loam, 2 to 5 percent slopes",Matapeake,80,C,Well drained,None,0,5.64,0.7994,0.19,A-4,CL-ML,,,,Very limited,Very limited,Not limited,Fair
2479841,DE003,TeA,"Tent silt loam, 0 to 2 percent slopes",Tent,50,C/D,Poorly drained,None,85,9,1.2756,0.21,A-6,CL,,,0.4,Very limited,Very limited,Very limited,Poor
2479842,DE003,MtcA,"Mattapex silt loam, 0 to 2 percent slopes, Mid-Atlantic Coastal Plain",Mattapex,80,C,Moderately well drained,None,5,5.64,0.7994,0.21,A-4,CL,,,2.0,Very limited,Very limited,Somewhat limited,Fair
2479843,DE003,MtaB,"Mattapex silt loam, 2 to 5 percent slopes, northern coastal plain",Mattapex,80,C,Moderately well drained,None,5,5.64,0.7994,0.21,A-4,CL,,,2.0,Very limited,Very limited,Somewhat limited,Fair
2479844,DE003,MtC,"Mattapex silt loam, 5 to 10 percent slopes",Mattapex,75,C,Moderately well drained,None,2,5.64,0.7994,0.21,A-4,ML,,,2.0,Very limited,Very limited,Somewhat limited,Fair
2479845,DE003,MuB,"Mattapex-Urban land complex, 0 to 5 percent slopes",Mattapex,50,C,Moderately well drained,None,0,5.64,0.7994,0.21,A-4,ML,,,2.0,Very limited,Very limited,Somewhat limited,Fair
2479846,DE003,OtA,"Othello silt loams, 0 to 2 percent slopes, northern coastal plain",Othello,50,C/D,Poorly drained,None,95,9,1.2756,0.17,A-4,CL,,,0.4,Very limited,Very limited,Very limited,Fair
2479847,DE003,UlA,"Unicorn loam, 0 to 2 percent slopes",Unicorn,85,C,Well drained,None,0,5.64,0.7994,0.21,A-4,CL-ML,,,3.7,Somewhat limited,Very limited,Not limited,Fair
2479848,DE003,UlB,"Unicorn loam, 2 to 5 percent slopes",Unicorn,85,C,Well drained,None,0,5.64,0.7994,0.21,A-4,CL-ML,,,3.7,Somewhat limited,Very limited,Not limited,Fair
2479849,DE003,PyA,"Pineyneck loam, 0 to 2 percent slopes",Pineyneck,80,C,Moderately well drained,None,0,5.64,0.7994,0.21,A-4,CL-ML,,,2.0,Somewhat limited,Very limited,Somewhat limited,Fair
2479850,DE003,PyB,"Pineyneck loam, 2 to 5 percent slopes",Pineyneck,80,C,Moderately well drained,None,0,5.64,0.7994,0.21,A-4,CL-ML,,,2.0,Somewhat limited,Very limited,Somewhat limited,Fair
2479851,DE003,ESA,"Endoaquepts and Sulfaquepts, 0 to 5 percent slopes",Endoaquepts,50,C,Poorly drained,None,90,0.91,0.129,0.15,A-6,CL,,,,Very limited,Very limited,Very limited,Poor
2479852,DE003,UdrB,"Udorthents, dredged fine material, 0 to 8 percent slopes",Udorthents,90,C,Well drained,None,0,9,1.2756,0.18,A-4,CL-ML,,,,Somewhat limited,Somewhat limited,Not limited,Poor
2479853,DE003,Ht,"Hatboro silt loam, 0 to 3 percent slopes, frequently flooded",Hatboro,90,B/D,Poorly drained,Frequent,90,9.17,1.2997,0.19,A-4,CL-ML,Lithic bedrock,9.8,0.3,Very limited,Very limited,Very limited,Fair
2479854,DE003,Hw,"Hatboro-Codorus complex, 0 to 3 percent slopes, frequently flooded",Hatboro,50,B/D,Poorly drained,Frequent,50,9.17,1.2997,0.19,A-4,CL-ML,Lithic bedrock,9.8,0.3,Very limited,Very limited,Very limited,Fair
2479855,DE003,Ch,"Codorus silt loam, 0 to 3 percent slopes, occasionally flooded",Codorus,80,C,Moderately well drained,Occasional,0,9.17,1.2997,0.21,A-4,CL,,,2.3,Very limited,Very limited,Very limited,Poor
2479856,DE003,Cp,"Comus silt loam, 0 to 3 percent slopes, occasionally flooded",Comus,85,B,Well drained,Occasional,0,9.17,1.2997,0.2,A-4,ML,,,3.7,Very limited,Very limited,Very limited,Fair
2479857,DE003,EnB,"Elsinboro silt loam, 3 to 8 percent slopes",Elsinboro,95,B,Well drained,None,0,9,1.2756,0.21,A-4,CL,Lithic bedrock,9.8,,Somewhat limited,Very limited,Not limited,Fair
2479858,DE003,ErB,"Elsinboro-Delanco-Urban land complex, 0 to 8 percent slopes",Elsinboro,45,B,Well drained,None,0,9,1.2756,0.21,A-4,CL,Lithic bedrock,9.8,2.0,Somewhat limited,Very limited,Not limited,Fair
2479859,DE003,DaB,"Delanco silt loam, 3 to 8 percent slopes",Delanco,90,C,Moderately well drained,None,0,4.23,0.5995,0.22,A-4,CL-ML,Lithic bedrock,9.8,2.0,Somewhat limited,Very limited,Somewhat limited,Fair
2479860,DE003,DcB,"Delanco-Codorus-Hatboro complex, 0 to 8 percent slopes, flooded",Delanco,40,C,Moderately well drained,None,25,4.23,0.5995,0.22,A-4,CL-ML,Lithic bedrock,9.8,0.3,Very limited,Very limited,Very limited,Fair
2479861,DE003,UaB,"Udorthents, bedrock substratum, 0 to 8 percent slopes",Udorthents,95,C,Well drained,None,0,2.33,0.3302,0.16,A-4,CL,Paralithic bedrock,5.4,5.0,Very limited,Somewhat limited,Not limited,Poor
2479862,DE003,NxB,"Neshaminy-Urban land complex, 0 to 8 percent slopes",Neshaminy,55,B,Well drained,None,0,9.17,1.2997,0.2,A-6,CL,Lithic bedrock,8.2,,Somewhat limited,Somewhat limited,Not limited,Poor
2479863,DE003,VwB,"Urban land-Wheaton complex, 0 to 8 percent slopes",Urban land,60,,,None,0,,,,,,Lithic bedrock,5.4,,Not rated,Not rated,Not rated,Not rated
2479864,DE003,Uy,"Urban land, bedrock substratum",Urban land,80,,,None,0,,,,,,Lithic bedrock,5.4,,Not rated,Not rated,Not rated,Not rated
2479865,DE003,BbB,"Baile-Glenville complex, 0 to 8 percent slopes",Baile,55,B/D,Poorly drained,None,55,4.23,0.5995,0.22,A-4,CL,Lithic bedrock,6.6,0.4,Very limited,Very limited,Very limited,Poor
2479866,DE003,GnA,"Glenville silt loam, somewhat poorly drained, 0 to 3 percent slopes",Glenville,85,C/D,Somewhat poorly drained,None,10,9,1.2756,0.18,A-4,CL-ML,Fragipan,2.5,1.1,Very limited,Very limited,Very limited,Poor
2479867,DE003,GnB,"Glenville silt loam, 3 to 8 percent slopes",Glenville,75,C/D,Moderately well drained,None,10,9,1.2756,0.2,A-4,CL,Fragipan,2.5,1.7,Very limited,Very limited,Very limited,Poor
2479868,DE003,GnC,"Glenville silt loam, somewhat poorly drained, 8 to 15 percent slopes",Glenville,85,C/D,Somewhat poorly drained,None,5,9,1.2756,0.18,A-4,CL-ML,Fragipan,2.5,1.1,Very limited,Very limited,Very limited,Poor
2479869,DE003,NtB,"Neshaminy silt loam, 3 to 8 percent slopes",Neshaminy,85,B,Well drained,None,0,9.17,1.2997,0.2,A-6,CL,Lithic bedrock,8.2,,Somewhat limited,Somewhat limited,Not limited,Poor
2479870,DE003,NtC,"Neshaminy silt loam, 8 to 15 percent slopes",Neshaminy,90,B,Well drained,None,0,9.17,1.2997,0.2,A-6,CL,Lithic bedrock,8.2,,Somewhat limited,Very limited,Somewhat limited,Poor
2479871,DE003,MzA,"Mount Lucas silt loam, 0 to 3 percent slopes",Mount Lucas,90,C/D,Moderately well drained,None,0,9.17,1.2997,0.2,A-4,CL-ML,Lithic bedrock,8.2,1.7,Somewhat limited,Very limited,Somewhat limited,Fair
2479872,DE003,MzB,"Mount Lucas silt loam, 3 to 8 percent slopes",Mount Lucas,90,C,Moderately well drained,None,0,9,1.2756,0.18,A-6,CL,,,2.5,Somewhat limited,Very limited,Not limited,Poor
2479873,DE003,MxB,"Montalto silt loam, 3 to 8 percent slopes",Montalto,85,B,Well drained,None,0,10,1.4173,0.18,A-6,CL,Lithic bedrock,9.8,,Somewhat limited,Somewhat limited,Somewhat limited,Poor
2479874,DE003,MxC,"Montalto silt loam, 8 to 15 percent slopes",Montalto,90,B,Well drained,None,0,10,1.4173,0.18,A-6,CL,Lithic bedrock,9.8,,Somewhat limited,Very limited,Somewhat limited,Poor
2479875,DE003,NvC,"Neshaminy-Montalto silt loams, 8 to 15 percent slopes, very stony",Neshaminy,50,B,Well drained,None,0,9.17,1.2997,0.2,A-4,CL,Lithic bedrock,8.2,,Somewhat limited,Very limited,Somewhat limited,Poor
2479876,DE003,NvD,"Neshaminy-Montalto silt loams, 15 to 25 percent slopes, very stony",Neshaminy,55,B,Well drained,None,0,9.17,1.2997,0.2,A-4,CL,Lithic bedrock,8.2,,Very limited,Very limited,Very limited,Poor
2479877,DE003,NvE,"Neshaminy-Montalto silt loams, 25 to 45 percent slopes, very stony",Neshaminy,55,B,Well drained,None,0,9.17,1.2997,0.2,A-4,CL,Lithic bedrock,8.2,,Very limited,Very limited,Very limited,Poor
2479878,DE003,MzuB,"Mount Lucas-Urban land complex, 0 to 8 percent slopes",Mount Lucas,70,C/D,Moderately well drained,None,0,9.17,1.2997,0.2,A-4,CL-ML,Lithic bedrock,8.2,1.7,Somewhat limited,Very limited,Somewhat limited,Fair
2479879,DE003,GeA,"Glenelg loam, 0 to 3 percent slopes",Glenelg,85,B,Well drained,None,0,9,1.2756,0.16,A-6,CL,,,,Somewhat limited,Very limited,Not limited,Fair
2479880,DE003,GeB,"Glenelg loam, 3 to 8 percent slopes",Glenelg,85,B,Well drained,None,0,9,1.2756,0.19,A-6,ML,,,,Somewhat limited,Very limited,Not limited,Fair
2479881,DE003,GeC,"Glenelg loam, 8 to 15 percent slopes",Glenelg,90,B,Well drained,None,0,9.17,1.2997,0.16,A-6,ML,,,,Somewhat limited,Very limited,Somewhat limited,Fair
2479882,DE003,BkD,"Brinklow channery loam, 15 to 25 percent slopes",Brinklow,80,C,Well drained,None,0,4.23,0.5995,0.21,A-6,CL,Paralithic bedrock,2.1,,Very limited,Very limited,Very limited,Poor
2479883,DE003,BnF,"Brinklow-Blocktown complex, 25 to 65 percent slopes",Brinklow,55,C,Well drained,None,0,4.23,0.5995,0.15,A-6,CL,Paralithic bedrock,2.1,,Very limited,Very limited,Very limited,Poor
2479884,DE003,BrvF,"Brinklow channery loam, 25 to 65 percent slopes, very stony",Brinklow,70,C,Well drained,None,0,4.23,0.5995,0.15,A-6,CL,Paralithic bedrock,2.1,,Very limited,Very limited,Very limited,Poor
2479885,DE003,MaC,"Manor loam, 8 to 15 percent slopes",Manor,85,B,Well drained,None,0,9,1.2756,0.19,A-6,CL,Paralithic bedrock,6.9,,Somewhat limited,Very limited,Somewhat limited,Fair
2479886,DE003,MaD,"Manor loam, 15 to 25 percent slopes",Manor,85,B,Well drained,None,0,9,1.2756,0.17,A-6,CL,Paralithic bedrock,6.9,,Very limited,Very limited,Very limited,Fair
2479887,DE003,MaE,"Manor loam, 25 to 45 percent slopes",Manor,85,B,Well drained,None,0,9,1.2756,0.1,A-4,ML,Paralithic bedrock,6.9,,Very limited,Very limited,Very limited,Fair
2479888,DE003,GgA,"Glenelg silt loam, 0 to 3 percent slopes",Glenelg,85,B,Well drained,None,0,9.17,1.2997,0.19,A-4,CL,Lithic bedrock,8.2,,Somewhat limited,Somewhat limited,Not limited,Fair
2479889,DE003,GgB,"Glenelg silt loam, 3 to 8 percent slopes",Glenelg,85,B,Well drained,None,0,9.17,1.2997,0.19,A-6,CL,,,,Somewhat limited,Very limited,Not limited,Poor
2479890,DE003,GgC,"Glenelg silt loam, 8 to 15 percent slopes",Glenelg,85,B,Well drained,None,0,9.17,1.2997,0.19,A-6,CL,,,,Somewhat limited,Very limited,Somewhat limited,Fair
2479891,DE003,GgD,"Glenelg silt loam, 15 to 25 percent slopes",Glenelg,85,B,Well drained,None,0,9.17,1.2997,0.19,A-4,CL,Lithic bedrock,8.2,,Very limited,Very limited,Very limited,Fair
2479892,DE003,GhB,"Glenelg-Wheaton-Urban land complex, 0 to 8 percent slopes",Glenelg,45,B,Well drained,None,0,9.17,1.2997,0.19,A-6,CL,Lithic bedrock,8.2,,Somewhat limited,Somewhat limited,Not limited,Fair
2479893,DE003,GhC,"Glenelg-Wheaton-Urban land complex, 8 to 15 percent slopes",Glenelg,45,B,Well drained,None,0,9.17,1.2997,0.19,A-6,CL,Lithic bedrock,8.2,,Somewhat limited,Very limited,Somewhat limited,Fair
2479894,DE003,GaC,"Gaila loam, 8 to 15 percent slopes",Gaila,85,B,Well drained,None,0,9,1.2756,0.14,A-4,CL-ML,Lithic bedrock,8.2,,Somewhat limited,Very limited,Somewhat limited,Fair
2479895,DE003,GaD,"Gaila loam, 15 to 25 percent slopes",Gaila,90,B,Well drained,None,0,9,1.2756,0.14,A-4,CL-ML,Lithic bedrock,8.2,,Very limited,Very limited,Very limited,Fair
2479896,DE003,GaE,"Gaila loam, 25 to 45 percent slopes",Gaila,80,B,Well drained,None,0,9,1.2756,0.14,A-4,CL-ML,Lithic bedrock,8.2,,Very limited,Very limited,Very limited,Fair
2479897,DE003,WaA,"Watchung silt loam, 0 to 3 percent slopes",Watchung,90,C/D,Poorly drained,None,0,2.75,0.3898,0.21,A-6,CL,Lithic bedrock,8.2,0.4,Very limited,Very limited,Very limited,Poor
2479898,DE003,WaB,"Watchung silt loam, 3 to 8 percent slopes",Watchung,90,C/D,Poorly drained,None,0,2.75,0.3898,0.21,A-6,CL,Lithic bedrock,8.2,0.4,Very limited,Very limited,Very limited,Poor
2479899,DE003,WcB,"Watchung silt loam, 0 to 8 percent slopes, very stony",Watchung,85,C/D,Poorly drained,None,0,2.75,0.3898,0.21,A-6,CL,Lithic bedrock,8.2,0.4,Very limited,Very limited,Very limited,Poor
2479900,DE003,TaB,"Talleyville silt loam, 3 to 8 percent slopes",Talleyville,80,B,Well drained,None,0,9.17,1.2997,0.23,A-4,CL,Lithic bedrock,8.2,,Very limited,Somewhat limited,Not limited,Poor
2479901,DE003,TdB,"Talleyville-Montalto-Urban land complex, 0 to 8 percent slopes",Talleyville,45,B,Well drained,None,0,9.17,1.2997,0.23,A-4,CL,Lithic bedrock,8.2,,Very limited,Somewhat limited,Not limited,Poor
2893490,DE001,FadA,"Fallsington sandy loams, 0 to 2 percent slopes, Northern Tidewater Area",Fallsington,48,B/D,Poorly drained,None,83,600,85.0392,0.45,A-8,PT,,,0.4,Very limited,Very limited,Very limited,Fair
2893557,DE003,FacA,"Fallsington sandy loams, 0 to 2 percent slopes, Mid-Atlantic Coastal Plain",Fallsington,48,C/D,Poorly drained,None,78,600,85.0392,0.44,A-8,PT,,,0.4,Very limited,Very limited,Very limited,Fair
2893559,DE005,FacA,"Fallsington sandy loams, 0 to 2 percent slopes, Mid-Atlantic Coastal Plain",Fallsington,48,C/D,Poorly drained,None,78,600,85.0392,0.44,A-8,PT,,,0.4,Very limited,Very limited,Very limited,Fair
2893607,DE003,FgcA,"Fallsington loams, 0 to 2 percent slopes, Mid-Altlantic Coastal Plain",Fallsington,38,C/D,Poorly drained,None,81,600,85.0392,0.44,A-8,PT,,,0.4,Very limited,Very limited,Very limited,Fair
2893613,DE005,FgcA,"Fallsington loams, 0 to 2 percent slopes, Mid-Altlantic Coastal Plain",Fallsington,38,C/D,Poorly drained,None,81,600,85.0392,0.44,A-8,PT,,,0.4,Very limited,Very limited,Very limited,Fair
2950696,DE001,WodA,"Woodstown loam, 0 to 2 percent slopes, Northern Tidewater Area",Woodstown,80,C,Moderately well drained,None,6,18,2.5512,0.13,A-4,SC,,,2.0,Somewhat limited,Very limited,Somewhat limited,Fair
2950698,DE003,WocA,"Woodstown loam, 0 to 2 percent slopes, Mid-Atlantic Coastal Plain",Woodstown,80,C,Moderately well drained,None,6,18,2.5512,0.13,A-4,SC,,,2.0,Somewhat limited,Very limited,Somewhat limited,Fair
2950700,DE005,WodA,"Woodstown loam, 0 to 2 percent slopes, Northern Tidewater Area",Woodstown,80,C,Moderately well drained,None,6,18,2.5512,0.13,A-4,SC,,,2.0,Somewhat limited,Very limited,Somewhat limited,Fair
2950716,DE003,WocB,"Woodstown loam, 2 to 5 percent slopes, Mid-Atlantic Coastal Plain",Woodstown,80,C,Moderately well drained,None,6,18,2.5512,0.13,A-4,SC,,,2.0,Somewhat limited,Very limited,Somewhat limited,Fair
2955430,DE003,OtcA,"Othello silt loams, 0 to 2 percent slopes, Mid-Atlantic Coastal Plain",Othello,48,C/D,Poorly drained,None,86,9,1.2756,0.17,A-4,CL,,,0.4,Very limited,Very limited,Very limited,Fair
2955458,DE001,WdcA,"Woodstown sandy loam, 0 to 2 percent slopes, Mid-Atlantic Coastal Plain",Woodstown,80,C,Moderately well drained,None,6,28,3.9685,0.13,A-2-4,SC-SM,,,2.0,Somewhat limited,Very limited,Somewhat limited,Fair
2955460,DE003,WdcA,"Woodstown sandy loam, 0 to 2 percent slopes, Mid-Atlantic Coastal Plain",Woodstown,80,C,Moderately well drained,None,6,28,3.9685,0.13,A-2-4,SC-SM,,,2.0,Somewhat limited,Very limited,Somewhat limited,Fair
2955462,DE005,WdcA,"Woodstown sandy loam, 0 to 2 percent slopes, Mid-Atlantic Coastal Plain",Woodstown,80,C,Moderately well drained,None,6,28,3.9685,0.13,A-2-4,SC-SM,,,2.0,Somewhat limited,Very limited,Somewhat limited,Fair
2955493,DE003,WdcB,"Woodstown sandy loam, 2 to 5 percent slopes, Mid-Atlantic Coastal Plain",Woodstown,80,C,Moderately well drained,None,6,28,3.9685,0.13,A-2-4,SC-SM,,,2.0,Somewhat limited,Very limited,Somewhat limited,Fair
2955525,DE001,DndB,"Downer loamy sand, 2 to 5 percent slopes, Northern Tidewater Area",Downer,80,A,Well drained,None,0,91.74,13.0025,0.07,A-2-4,SM,,,,Somewhat limited,Very limited,Not limited,Fair
2955543,DE001,DocB,"Downer sandy loam, 2 to 5 percent slopes, Mid-Atlantic Coastal Plain",Downer,80,A,Well drained,None,0,91.74,13.0025,0.07,A-2-4,SM,,,,Somewhat limited,Very limited,Not limited,Fair
2955545,DE003,DocB,"Downer sandy loam, 2 to 5 percent slopes, Mid-Atlantic Coastal Plain",Downer,80,A,Well drained,None,0,91.74,13.0025,0.07,A-2-4,SM,,,,Somewhat limited,Very limited,Not limited,Fair
2955547,DE005,DocB,"Downer sandy loam, 2 to 5 percent slopes, Mid-Atlantic Coastal Plain",Downer,80,A,Well drained,None,0,91.74,13.0025,0.07,A-2-4,SM,,,,Somewhat limited,Very limited,Not limited,Fair
2973735,DE001,SacA,"Sassafras sandy loam, 0 to 2 percent slopes, Mid-Atlantic Coastal Plain",Sassafras,80,B,Well drained,None,0,23.29,3.3009,0.14,A-4,SC-SM,,,,Somewhat limited,Very limited,Not limited,Fair
2973736,DE001,SadA,"Sassafras sandy loam, 0 to 2 percent slopes, Northern Tidewater Area",Sassafras,80,B,Well drained,None,0,23.29,3.3009,0.14,A-4,SC-SM,,,,Somewhat limited,Very limited,Not limited,Fair
2973737,DE003,SacA,"Sassafras sandy loam, 0 to 2 percent slopes, Mid-Atlantic Coastal Plain",Sassafras,80,B,Well drained,None,0,23.29,3.3009,0.14,A-4,SC-SM,,,,Somewhat limited,Very limited,Not limited,Fair
2973738,DE003,SaaA,"Sassafras sandy loam, 0 to 2 percent slopes, Northern Coastal Plain",Sassafras,80,B,Well drained,None,4,23.29,3.3009,0.14,A-4,SC-SM,,,,Somewhat limited,Very limited,Not limited,Fair
2973758,DE001,SadB,"Sassafras sandy loam, 2 to 5 percent slopes, Northern Tidewater Area",Sassafras,80,B,Well drained,None,0,23.29,3.3009,0.14,A-4,SC-SM,,,,Somewhat limited,Very limited,Not limited,Fair
2973760,DE003,SaaB,"Sassafras sandy loam, 2 to 5 percent slopes, Northern Coastal Plain",Sassafras,80,B,Well drained,None,4,23.29,3.3009,0.14,A-4,SC-SM,,,,Somewhat limited,Very limited,Not limited,Fair
2973786,DE003,MtaA,"Mattapex silt loam, 0 to 2 percent slopes, northern coastal plain",Mattapex,80,C,Moderately well drained,None,5,5.64,0.7994,0.21,A-4,CL,,,2.0,Very limited,Very limited,Somewhat limited,Fair
2973827,DE003,MtcB,"Mattapex silt loam, 2 to 5 percent slopes, Mid-Atlantic Coastal Plain",Mattapex,80,C,Moderately well drained,None,5,5.64,0.7994,0.21,A-4,CL,,,2.0,Very limited,Very limited,Somewhat limited,Fair
2973862,DE003,SacC,"Sassafras sandy loam, 5 to 10 percent slopes, Mid-Atlantic Coastal Plain",Sassafras,80,B,Well drained,None,0,23.29,3.3009,0.14,A-4,SC-SM,,,,Somewhat limited,Very limited,Not limited,Fair
3050295,DE003,DocC,"Downer sandy loam, 5 to 10 percent slopes, Mid-Atlantic Coastal Plain",Downer,80,A,Well drained,None,0,91.74,13.0025,0.07,A-2-4,SM,,,,Somewhat limited,Very limited,Not limited,Fair
3050493,DE005,WCt2,"Cottman fine sandy loam, 1 to 2 meter water depth",Cottman,75,D,Subaqueous,Very frequent,0,14,1.9842,,,,,,0.0,Not rated,Not rated,Not rated,Not rated
3050494,DE005,WDe0,"Demas fine sand, 0 to 0.5 meter water depth",Demas,78,D,Subaqueous,Very frequent,0,100,14.1732,,,,,,0.0,Not rated,Not rated,Not rated,Not rated
3050495,DE005,WDe1,"Demas fine sand, 0.5 to 1 meter water depth",Demas,78,D,Subaqueous,Very frequent,0,100,14.1732,,,,,,0.0,Not rated,Not rated,Not rated,Not rated
3050496,DE005,WDe2,"Demas fine sand, 1 to 2 meter water depth",Demas,78,D,Subaqueous,Very frequent,0,100,14.1732,,,,,,0.0,Not rated,Not rated,Not rated,Not rated
3050497,DE005,WMd1,"Middlemoor silt loam, 0 to 1 meter water depth",Middlemoor,82,D,Subaqueous,Very frequent,0,4,0.5669,,,,,,0.0,Not rated,Not rated,Not rated,Not rated
3050498,DE005,WPa0,"Pasture Point loamy fine sand, 0 to 0.5 meter water depth",Pasture Point,85,D,Subaqueous,Very frequent,0,91.74,13.0025,,,,,,0.0,Not rated,Not rated,Not rated,Not rated
3050499,DE005,WPa1,"Pasture Point loamy fine sand, 0.5 to 1 meter water depth",Pasture Point,85,D,Subaqueous,Very frequent,0,91.74,13.0025,,,,,,0.0,Not rated,Not rated,Not rated,Not rated
3050500,DE005,WTp0,"Trappe sandy loam, 0 to 0.5 meter water depth",Trappe,85,D,Subaqueous,Very frequent,0,28,3.9685,,,,,,0.0,Not rated,Not rated,Not rated,Not rated
3050501,DE005,WTp1,"Trappe sandy loam, 0.5 to 1 meter water depth",Trappe,85,D,Subaqueous,Very frequent,0,28,3.9685,,,,,,0.0,Not rated,Not rated,Not rated,Not rated
3050502,DE005,WTp2,"Trappe sandy loam, 1 to 2 meter water depth",Trappe,85,D,Subaqueous,Very frequent,0,28,3.9685,,,,,,0.0,Not rated,Not rated,Not rated,Not rated
3050503,DE005,WDc2,"Dredge Channel, 1 to 4 meter water depth",Water,100,D,Subaqueous,Very frequent,0,,,,,,,,0.0,Not rated,Not rated,Not rated,Not rated
3050504,DE005,WFg3,"Tingles-Figgs complex, 2 to 3 meter water depth",Tingles,40,D,Subaqueous,Very frequent,0,4,0.5669,,,,,,0.0,Not rated,Not rated,Not rated,Not rated
3050505,DE005,WHe1,"Herring Creek mucky silt loam, 0 to 1 meter water depth",Herring Creek,85,D,Subaqueous,Very frequent,0,4,0.5669,,A-8,PT,,,0.0,Not rated,Not rated,Not rated,Not rated
3050506,DE005,WIr1,"Indian River sand, 0 to 1 meter water depth, flat",Indian River,85,D,Subaqueous,Very frequent,0,100,14.1732,,,,,,0.0,Not rated,Not rated,Not rated,Not rated
3050507,DE005,WIr2,"Indian River sand, 1 to 2 meter water depth, flat",Indian River,85,D,Subaqueous,Very frequent,0,100,14.1732,,,,,,0.0,Not rated,Not rated,Not rated,Not rated
3050508,DE005,WIr3,"Indian River sand, 2 to 5 meter water depth, tidal inlet",Indian River,90,D,Subaqueous,Very frequent,0,100,14.1732,,,,,,0.0,Not rated,Not rated,Not rated,Not rated
3050509,DE005,WPa2,"Pasture Point loamy fine sand, 1 to 2 meter water depth",Pasture Point,85,D,Subaqueous,Very frequent,0,91.74,13.0025,,,,,,0.0,Not rated,Not rated,Not rated,Not rated
3050510,DE005,WSo1,"Truitt-Southpoint complex, 0 to 1 meter water depth",Truitt,40,D,Subaqueous,Very frequent,0,4,0.5669,,A-8,PT,,,0.0,Not rated,Not rated,Not rated,Not rated
3050511,DE005,WSo2,"Truitt-Southpoint complex, 1 to 2 meter water depth",Truitt,40,D,Subaqueous,Very frequent,0,4,0.5669,,A-8,PT,,,0.0,Not rated,Not rated,Not rated,Not rated
3098251,DE005,AcC,"Acquango sand, 5 to 10 percent slopes, occasionally flooded",Acquango,80,A,Excessively drained,Occasional,5,600,85.0392,0.05,A-3,SP,,,,Very limited,Very limited,Very limited,Good
3098252,DE005,Be,"Beaches, very frequently flooded",Beaches,85,,Very poorly drained,Very frequent,5,91.74,13.0025,0.04,A-3,SP-SM,,,0.5,Very limited,Very limited,Very limited,Not rated
3192457,DE005,WFg2,"Figgs loam, 1 to 2 meter water depth",Figgs,80,D,Subaqueous,Very frequent,0,4,0.5669,,,,,,0.0,Not rated,Not rated,Not rated,Not rated
3192458,DE005,WTl2,"Tingles silt loam, 1 to 2 meter water depth",Tingles,85,D,Subaqueous,Very frequent,0,4,0.5669,,,,,,0.0,Not rated,Not rated,Not rated,Not rated
3347296,DE003,UgB,"Urban land, gravelly sand substratum, 0 to 8 percent slopes",Urban land,90,,,None,0,,,,,,,,,Not rated,Not rated,Not rated,Not rated
3347297,DE003,PoB,"Pineyneck-Urban land-Greenbelt complex, 0 to 8 percent slopes",Pineyneck,36,C,Moderately well drained,None,0,5.5,0.7795,0.23,A-4,CL-ML,,,5.8,Somewhat limited,Very limited,Not limited,Fair
3347298,DE003,UkB,"Urban land-Wheaton complex, mafic gneiss, 0 to 8 percent slopes",Urban land,60,,,None,0,,,,,,,,,Not rated,Not rated,Not rated,Not rated
3347299,DE003,NuB,"Neshaminy-Urban land-Wheaton complex, 0 to 8 percent slopes",Neshaminy,36,C,Well drained,None,0,5.5,0.7795,0.12,A-4,SM,Lithic bedrock,6.6,,Somewhat limited,Somewhat limited,Somewhat limited,Poor
3347300,DE003,UmB,"Urban land-Wheaton complex, schist and gneiss, 0 to 8 percent slopes",Urban land,60,,,None,0,,,,,,,,,Not rated,Not rated,Not rated,Not rated
3347301,DE003,PaD,"Parker gravelly loam, 8 to 25 percent slopes, very stony",Parker,96,B,Somewhat excessively drained,None,0,55,7.7953,0.16,A-4,SC,Lithic bedrock,6.0,,Very limited,Very limited,Very limited,Fair
3347302,DE003,PaF,"Parker gravelly loam, 25 to 55 percent slopes, very stony",Parker,97,B,Somewhat excessively drained,None,0,55,7.7953,0.16,A-4,SC,Lithic bedrock,6.0,,Very limited,Very limited,Very limited,Fair
3347303,DE003,SaB,"Sassafras loam, 2 to 5 percent slopes",Sassafras,85,B,Well drained,None,5,55,7.7953,0.24,A-4,CL,,,,Somewhat limited,Very limited,Not limited,Fair
3349535,DE001,MakAd,"Manahawkin muck, 0 to 2 percent slopes, frequently flooded, Northern Tidewater Area",Manahawkin,80,A/D,Very poorly drained,Frequent,5,92,13.0393,0.45,A-8,PT,,,0.0,Very limited,Very limited,Very limited,Poor
3433443,DE005,LO,"Longmarsh and Indiantown soils, 0 to 1 percent slopes, frequently flooded",Longmarsh,43,B/D,Very poorly drained,Frequent,95,600,85.0392,0.45,A-8,PT,,,0.0,Very limited,Very limited,Very limited,Fair
3433446,DE005,NM,"Nanticoke and Mannington soils, 0 to 1 percent slopes, very frequently flooded, tidal",Nanticoke,50,C/D,Very poorly drained,Very frequent,0,2.82,0.3997,0.15,A-5,OL,,,0.0,Very limited,Very limited,Very limited,Poor
3433451,DE005,Pk,"Puckum muck, 0 to 2 percent slopes, frequently flooded, occasionally ponded",Puckum,85,A/D,Very poorly drained,Frequent,100,92,13.0393,0.37,A-8,PT,,,0.0,Very limited,Very limited,Very limited,Poor
3433456,DE005,SuA,"Sunken mucky silt loam, 0 to 2 percent slopes, occasionally flooded, tidal",Sunken,80,C/D,Very poorly drained,Occasional,10,600,85.0392,0.28,A-8,PT,,,0.0,Very limited,Very limited,Very limited,Fair
3433462,DE005,TP,"Transquaking and Mispillion soils, 0 to 1 percent slopes, very frequently flooded, tidal",Transquaking,42,C/D,Very poorly drained,Very frequent,0,77.63,11.0027,0.17,A-8,PT,,,0.0,Very limited,Very limited,Very limited,Poor
3433663,DE001,Ap,"Appoquinimink-Broadkill complex, 0 to 1 percent slopes, very frequently flooded, tidal",Appoquinimink,55,B/D,Very poorly drained,Very frequent,0,7.76,1.0998,0.2,A-7-5,OH,,,0.0,Very limited,Very limited,Very limited,Poor
3433664,DE003,Ap,"Appoquinimink-Broadkill complex, 0 to 1 percent slopes, very frequently flooded, tidal",Appoquinimink,55,B/D,Very poorly drained,Very frequent,0,7.76,1.0998,0.2,A-7-5,OH,,,0.0,Very limited,Very limited,Very limited,Poor
3433665,DE005,Ap,"Appoquinimink-Broadkill complex, 0 to 1 percent slopes, very frequently flooded, tidal",Appoquinimink,55,B/D,Very poorly drained,Very frequent,0,7.76,1.0998,0.2,A-7-5,OH,,,0.0,Very limited,Very limited,Very limited,Poor
3433666,DE003,Brm,"Broadkill mucky silt loam, 0 to 1 percent slopes, very frequently flooded, tidal",Broadkill,75,B/D,Very poorly drained,Very frequent,0,7.76,1.0998,0.2,A-7-5,OH,,,0.0,Very limited,Very limited,Very limited,Poor
3433667,DE001,Brm,"Broadkill mucky silt loam, 0 to 1 percent slopes, very frequently flooded, tidal",Broadkill,75,B/D,Very poorly drained,Very frequent,0,7.76,1.0998,0.2,A-7-5,OH,,,0.0,Very limited,Very limited,Very limited,Poor
3433668,DE005,Br,"Broadkill mucky peat, 0 to 1 percent slopes, very frequently flooded, tidal",Broadkill,75,B/D,Very poorly drained,Very frequent,0,28,3.9685,0.4,A-8,PT,,,0.0,Very limited,Very limited,Very limited,Poor
3433669,DE001,Lk,"Lenape mucky peat, 0 to 1 percent slopes, very frequently flooded, tidal",Lenape,85,C/D,Very poorly drained,Very frequent,5,92,13.0393,0.45,A-8,PT,,,0.2,Very limited,Very limited,Very limited,Poor
3433670,DE003,Lk,"Lenape mucky peat, 0 to 1 percent slopes, very frequently flooded, tidal",Lenape,85,C/D,Very poorly drained,Very frequent,5,92,13.0393,0.45,A-8,PT,,,0.2,Very limited,Very limited,Very limited,Poor
3433671,DE005,Lk,"Lenape mucky peat, 0 to 1 percent slopes, very frequently flooded, tidal",Lenape,85,C/D,Very poorly drained,Very frequent,5,92,13.0393,0.45,A-8,PT,,,0.2,Very limited,Very limited,Very limited,Poor
3433672,DE001,Ln,"Lenape-Nanticoke complex, 0 to 1 percent slopes, very frequently flooded, tidal",Lenape,45,C/D,Very poorly drained,Very frequent,5,92,13.0393,0.45,A-8,PT,,,0.0,Very limited,Very limited,Very limited,Poor
3433673,DE003,Ln,"Lenape-Nanticoke complex, 0 to 1 percent slopes, very frequently flooded, tidal",Lenape,45,C/D,Very poorly drained,Very frequent,5,92,13.0393,0.45,A-8,PT,,,0.0,Very limited,Very limited,Very limited,Poor
3433675,DE005,Ln,"Lenape-Nanticoke complex, 0 to 1 percent slopes, very frequently flooded, tidal",Lenape,45,C/D,Very poorly drained,Very frequent,5,92,13.0393,0.45,A-8,PT,,,0.0,Very limited,Very limited,Very limited,Poor
3433676,DE003,LO,"Longmarsh and Indiantown soils, 0 to 1 percent slopes, frequently flooded",Longmarsh,43,B/D,Very poorly drained,Frequent,95,600,85.0392,0.45,A-8,PT,,,0.0,Very limited,Very limited,Very limited,Fair
3433677,DE001,LO,"Longmarsh and Indiantown soils, 0 to 1 percent slopes, frequently flooded",Longmarsh,43,B/D,Very poorly drained,Frequent,95,600,85.0392,0.45,A-8,PT,,,0.0,Very limited,Very limited,Very limited,Fair
3433682,DE001,NM,"Nanticoke and Mannington soils, 0 to 1 percent slopes, very frequently flooded, tidal",Nanticoke,50,C/D,Very poorly drained,Very frequent,0,2.82,0.3997,0.15,A-5,OL,,,0.0,Very limited,Very limited,Very limited,Poor
3433683,DE003,NM,"Nanticoke and Mannington soils, 0 to 1 percent slopes, very frequently flooded, tidal",Nanticoke,50,C/D,Very poorly drained,Very frequent,0,2.82,0.3997,0.15,A-5,OL,,,0.0,Very limited,Very limited,Very limited,Poor
3433687,DE005,Pa,"Pawcatuck mucky peat, 0 to 1 percent slopes, very frequently flooded, tidal",Pawcatuck,80,A/D,Very poorly drained,Very frequent,0,28.23,4.0011,0.02,A-8,PT,,,0.0,Very limited,Very limited,Very limited,Poor
3433688,DE001,Pu,"Purnell peat, 0 to 1 percent slopes, very frequently flooded, tidal",Purnell,85,A/D,Very poorly drained,Very frequent,5,72.69,10.3025,0.27,A-8,PT,,,0.0,Very limited,Very limited,Very limited,Poor
3433689,DE005,Pu,"Purnell peat, 0 to 1 percent slopes, very frequently flooded, tidal",Purnell,85,A/D,Very poorly drained,Very frequent,5,72.69,10.3025,0.27,A-8,PT,,,0.0,Very limited,Very limited,Very limited,Poor
3433690,DE005,Sp,"Saltpond mucky sand, 0 to 2 percent slopes, very frequently flooded, tidal",Saltpond,80,A/D,Poorly drained,Very frequent,5,92,13.0393,0.05,A-3,SP-SM,,,0.0,Very limited,Very limited,Very limited,Good
3433691,DE001,SuA,"Sunken mucky silt loam, 0 to 2 percent slopes, occasionally flooded, tidal",Sunken,80,C/D,Very poorly drained,Occasional,10,600,85.0392,0.28,A-8,PT,,,0.0,Very limited,Very limited,Very limited,Fair
3433692,DE003,SuA,"Sunken mucky silt loam, 0 to 2 percent slopes, occasionally flooded, tidal",Sunken,80,C/D,Very poorly drained,Occasional,10,600,85.0392,0.28,A-8,PT,,,0.0,Very limited,Very limited,Very limited,Fair
3433694,DE001,TP,"Transquaking and Mispillion soils, 0 to 1 percent slopes, very frequently flooded, tidal",Transquaking,40,C/D,Very poorly drained,Very frequent,20,77.63,11.0027,0.17,A-8,PT,,,0.0,Very limited,Very limited,Very limited,Poor
3433695,DE003,TP,"Transquaking and Mispillion soils, 0 to 1 percent slopes, very frequently flooded, tidal",Transquaking,40,C/D,Very poorly drained,Very frequent,20,77.63,11.0027,0.17,A-8,PT,,,0.0,Very limited,Very limited,Very limited,Poor
3433698,DE003,Be,"Beaches, very frequently flooded",Beaches,80,,Very poorly drained,Very frequent,5,91.74,13.0025,0.04,A-3,SP-SM,,,0.5,Very limited,Very limited,Very limited,Not rated
